,name,rank,platform,r-date,score
0,Red Dead Redemption 2 ,       1,ps4,"['Oct 26, 2018']",97
1,Grand Theft Auto V ,       2,ps4,"['Nov 18, 2014']",97
2,Persona 5 Royal ,       3,ps4,"['Mar 31, 2020']",95
3,The Last of Us Remastered ,       4,ps4,"['Jul 29, 2014']",95
4,God of War ,       5,ps4,"['Apr 20, 2018']",94
5,The Last of Us Part II ,       6,ps4,"['Jun 19, 2020']",93
6,Persona 5 ,       7,ps4,"['Apr 4, 2017']",93
7,Metal Gear Solid V: The Phantom Pain ,       8,ps4,"['Sep 1, 2015']",93
8,Uncharted 4: A Thief's End ,       9,ps4,"['May 10, 2016']",93
9,Journey ,       10,ps4,"['Jul 21, 2015']",92
10,Bloodborne ,       11,ps4,"['Mar 24, 2015']",92
11,Undertale ,       12,ps4,"['Aug 15, 2017']",92
12,The Witcher 3: Wild Hunt ,       13,ps4,"['May 19, 2015']",92
13,Divinity: Original Sin II - Definitive Edition ,       14,ps4,"['Aug 31, 2018']",92
14,Final Fantasy XIV: Shadowbringers ,       15,ps4,"['Jul 2, 2019']",91
15,Shadow of the Colossus ,       16,ps4,"['Feb 6, 2018']",91
16,The Witcher 3: Wild Hunt - Blood and Wine ,       17,ps4,"['May 30, 2016']",91
17,Celeste ,       18,ps4,"['Jan 25, 2018']",91
18,INSIDE ,       19,ps4,"['Aug 23, 2016']",91
19,NieR: Automata - Game of the YoRHa Edition ,       20,ps4,"['Feb 26, 2019']",91
20,Resident Evil 2 ,       21,ps4,"['Jan 25, 2019']",91
21,Dragon Quest XI S: Echoes of an Elusive Age - Definitive Edition ,       22,ps4,"['Dec 4, 2020']",91
22,flower ,       23,ps4,"['Nov 15, 2013']",91
23,Diablo III: Ultimate Evil Edition ,       24,ps4,"['Aug 19, 2014']",90
24,Overwatch ,       25,ps4,"['May 23, 2016']",90
25,Shovel Knight ,       26,ps4,"['Apr 21, 2015']",90
26,Rayman Legends ,       27,ps4,"['Feb 18, 2014']",90
27,Fez ,       28,ps4,"['Mar 25, 2014']",90
28,Monster Hunter: World ,       29,ps4,"['Jan 26, 2018']",90
29,Tales From The Borderlands: Episode 5 - The Vault of the Traveler ,       30,ps4,"['Oct 20, 2015']",90
30,The Witcher 3: Wild Hunt - Hearts of Stone ,       31,ps4,"['Oct 12, 2015']",90
31,Sekiro: Shadows Die Twice ,       32,ps4,"['Mar 22, 2019']",90
32,Astro Bot Rescue Mission ,       33,ps4,"['Oct 2, 2018']",90
33,Monster Hunter: World - Iceborne ,   34,ps4,"['Sep 6, 2019']",89
34,Rez Infinite ,       35,ps4,"['Oct 13, 2016']",89
35,Titanfall 2 ,       36,ps4,"['Oct 28, 2016']",89
36,Dark Souls III ,       37,ps4,"['Apr 12, 2016']",89
37,Tetris Effect ,       38,ps4,"['Nov 9, 2018']",89
38,Final Fantasy XIV: Stormblood ,       39,ps4,"['Jun 20, 2017']",89
39,It Takes Two ,       40,ps4,"['Mar 26, 2021']",89
40,Bastion ,       41,ps4,"['Apr 7, 2015']",89
41,Apex Legends ,       42,ps4,"['Feb 4, 2019']",89
42,Synth Riders ,       43,ps4,"['Jul 27, 2021']",89
43,Dreams ,       44,ps4,"['Feb 14, 2020']",89
44,Dragon Age: Inquisition ,       45,ps4,"['Nov 18, 2014']",89
45,Tony Hawk's Pro Skater 1 + 2 ,       46,ps4,"['Sep 4, 2020']",89
46,Battlefield 1 ,       47,ps4,"['Oct 18, 2016']",89
47,Horizon Zero Dawn ,       48,ps4,"['Feb 28, 2017']",89
48,Minecraft ,       49,ps4,"['Sep 3, 2014']",89
49,What Remains of Edith Finch ,       50,ps4,"['Apr 25, 2017']",88
50,The Binding of Isaac: Rebirth ,       51,ps4,"['Nov 4, 2014']",88
51,NieR: Automata ,       52,ps4,"['Mar 7, 2017']",88
52,Rise of the Tomb Raider: 20 Year Celebration ,       53,ps4,"['Oct 11, 2016']",88
53,NBA 2K17 ,       54,ps4,"['Sep 16, 2016']",88
54,Dishonored 2 ,       55,ps4,"['Nov 10, 2016']",88
55,Divinity: Original Sin Enhanced Edition ,       56,ps4,"['Oct 27, 2015']",88
56,Injustice 2: Legendary Edition ,       57,ps4,"['Mar 27, 2018']",88
57,Devil May Cry 5 ,       58,ps4,"['Mar 8, 2019']",88
58,Slay the Spire ,       59,ps4,"['May 21, 2019']",88
59,Owlboy ,       60,ps4,"['Apr 10, 2018']",88
60,Kentucky Route Zero: TV Edition ,       61,ps4,"['Jan 28, 2020']",88
61,Keep Talking and Nobody Explodes ,       62,ps4,"['Oct 13, 2016']",88
62,The Talos Principle: Deluxe Edition ,       63,ps4,"['Oct 13, 2015']",88
63,Pistol Whip ,       64,ps4,"['Jul 30, 2020']",88
64,Nex Machina: Death Machine ,       65,ps4,"['Jun 20, 2017']",88
65,Nioh ,       66,ps4,"['Feb 7, 2017']",88
66,Guacamelee! Super Turbo Championship Edition ,       67,ps4,"['Jul 1, 2014']",87
67,Frostpunk ,       68,ps4,"['Oct 11, 2019']",87
68,Bloodborne: The Old Hunters ,       69,ps4,"['Nov 24, 2015']",87
69,XCOM 2 ,       70,ps4,"['Sep 27, 2016']",87
70,Injustice 2 ,       71,ps4,"['May 16, 2017']",87
71,The Witness ,       72,ps4,"['Jan 26, 2016']",87
72,Dead Cells ,       73,ps4,"['Aug 7, 2018']",87
73,Sid Meier's Civilization VI ,       74,ps4,"['Nov 22, 2019']",87
74,Final Fantasy VII Remake ,       75,ps4,"['Apr 10, 2020']",87
75,Street Fighter V: Arcade Edition ,       76,ps4,"['Jan 16, 2018']",87
76,Night in the Woods ,       77,ps4,"['Feb 21, 2017']",87
77,Chained Echoes ,       78,ps4,"['Dec 8, 2022']",87
78,Quake Remastered ,       79,ps4,"['Aug 19, 2021']",87
79,Dragon Ball FighterZ ,       80,ps4,"['Jan 26, 2018']",87
80,Batman: Arkham Knight ,       81,ps4,"['Jun 23, 2015']",87
81,Marvel's Spider-Man ,       82,ps4,"['Sep 7, 2018']",87
82,Okami HD ,       83,ps4,"['Dec 12, 2017']",87
83,TowerFall Ascension ,       84,ps4,"['Mar 11, 2014']",87
84,Monster Boy and the Cursed Kingdom ,       85,ps4,"['Dec 4, 2018']",87
85,FIFA 14 ,       86,ps4,"['Nov 12, 2013']",87
86,Final Fantasy Pixel Remaster: FF35th Anniversary Edition ,       87,ps4,"['Apr 30, 2023']",87
87,DOOM Eternal ,       88,ps4,"['Mar 20, 2020']",87
88,Pro Evolution Soccer 2016 ,       89,ps4,"['Sep 15, 2015']",87
89,Zero Escape: The Nonary Games ,       90,ps4,"['Mar 24, 2017']",87
90,Mass Effect Legendary Edition ,       91,ps4,"['May 14, 2021']",87
91,Wolfenstein II: The New Colossus ,       92,ps4,"['Oct 27, 2017']",87
92,Odin Sphere Leifthrasir ,       93,ps4,"['Jun 7, 2016']",87
93,Theatrhythm Final Bar Line ,       94,ps4,"['Feb 16, 2023']",87
94,Dark Souls II: Scholar of the First Sin ,       95,ps4,"['Apr 7, 2015']",87
95,Sonic Mania Plus ,       96,ps4,"['Jul 17, 2018']",87
96,Psychonauts 2 ,       97,ps4,"['Aug 25, 2021']",87
97,NBA 2K16 ,       98,ps4,"['Sep 25, 2015']",87
98,Spelunky 2 ,       99,ps4,"['Sep 15, 2020']",87
99,Fallout 4 ,       100,ps4,"['Nov 10, 2015']",87
100,Uncharted: The Nathan Drake Collection ,       101,ps4,"['Oct 9, 2015']",86
101,Tales from the Borderlands: A Telltale Game Series ,       102,ps4,"['Oct 20, 2015']",86
102,F1 2017 ,       103,ps4,"['Aug 25, 2017']",86
103,Velocity 2X ,       104,ps4,"['Sep 2, 2014']",86
104,Stardew Valley ,       105,ps4,"['Dec 13, 2016']",86
105,F1 2020 ,       106,ps4,"['Jul 6, 2020']",86
106,Dragon Quest Builders 2 ,       107,ps4,"['Jul 12, 2019']",86
107,Steins;Gate Elite ,       108,ps4,"['Feb 19, 2019']",86
108,Thimbleweed Park ,       109,ps4,"['Aug 22, 2017']",86
109,Ni no Kuni: Wrath of the White Witch Remastered ,       110,ps4,"['Sep 20, 2019']",86
110,Guilty Gear Xrd -REVELATOR- ,       111,ps4,"['Jun 7, 2016']",86
111,Final Fantasy XII: The Zodiac Age ,       112,ps4,"['Jul 11, 2017']",86
112,Disco Elysium: The Final Cut ,       113,ps4,"['Mar 30, 2021']",86
113,Fell Seal: Arbiter's Mark ,       114,ps4,"['Apr 30, 2019']",86
114,Sonic Mania ,       115,ps4,"['Aug 15, 2017']",86
115,MLB The Show 19 ,       116,ps4,"['Mar 26, 2019']",86
116,Persona 4 Golden ,       117,ps4,"['Jan 19, 2023']",86
117,Resident Evil 7: biohazard ,       118,ps4,"['Jan 24, 2017']",86
118,Beat Saber ,       119,ps4,"['Nov 20, 2018']",86
119,Cuphead ,       120,ps4,"['Jul 28, 2020']",86
120,Cuphead ,       121,ps4,"['Jul 28, 2020']",86
121,Cuphead in the Delicious Last Course ,       122,ps4,"['Jun 30, 2022']",86
122,Final Fantasy XIV Online: A Realm Reborn ,       123,ps4,"['Apr 14, 2014']",86
123,Dragon Quest XI: Echoes of an Elusive Age ,       124,ps4,"['Sep 4, 2018']",86
124,Destiny: The Taken King ,       125,ps4,"['Sep 15, 2015']",86
125,Guilty Gear Xrd: Rev 2 ,       126,ps4,"['May 26, 2017']",86
126,OlliOlli2: Welcome to Olliwood ,       127,ps4,"['Mar 3, 2015']",86
127,Resogun: Heroes ,       128,ps4,"['Jun 24, 2014']",86
128,DiRT Rally ,       129,ps4,"['Apr 5, 2016']",85
129,Crypt of the NecroDancer ,       130,ps4,"['Feb 2, 2016']",85
130,13 Sentinels: Aegis Rim ,       131,ps4,"['Sep 22, 2020']",85
131,The Outer Worlds ,       132,ps4,"['Oct 25, 2019']",85
132,Battlefield 4 ,       133,ps4,"['Nov 12, 2013']",85
133,Pillars of Eternity: Complete Edition ,       134,ps4,"['Aug 29, 2017']",85
134,DOOM ,       135,ps4,"['May 13, 2016']",85
135,NBA 2K14 ,       136,ps4,"['Nov 12, 2013']",85
136,Life is Strange ,       137,ps4,"['Oct 20, 2015']",85
137,Teenage Mutant Ninja Turtles: Shredder's Revenge ,       138,ps4,"['Jun 16, 2022']",85
138,Nioh: Bloodshed's End ,       139,ps4,"['Sep 26, 2017']",85
139,Rocket League ,       140,ps4,"['Jul 7, 2015']",85
140,Final Fantasy IX ,       141,ps4,"['Sep 19, 2017']",85
141,Resogun: Defenders ,       142,ps4,"['Feb 17, 2015']",85
142,DJMax Respect ,       143,ps4,"['Mar 6, 2018']",85
143,Pro Evolution Soccer 2017 ,       144,ps4,"['Sep 13, 2016']",85
144,Ys VIII: Lacrimosa of DANA ,       145,ps4,"['Sep 12, 2017']",85
145,Nioh 2 ,       146,ps4,"['Mar 13, 2020']",85
146,Bayonetta & Vanquish ,       147,ps4,"['Feb 18, 2020']",85
147,Yakuza 0 ,       148,ps4,"['Jan 24, 2017']",85
148,MLB The Show 17 ,       149,ps4,"['Mar 28, 2017']",85
149,Destiny 2 ,       150,ps4,"['Sep 6, 2017']",85
150,Assault Android Cactus ,       151,ps4,"['Mar 8, 2016']",85
151,Super Mega Baseball ,       152,ps4,"['Dec 16, 2014']",85
152,Hitman 3 ,       153,ps4,"['Jan 20, 2021']",85
153,Yakuza Kiwami 2 ,       154,ps4,"['Aug 28, 2018']",85
154,Rogue Legacy ,       155,ps4,"['Jul 29, 2014']",85
155,AI: The Somnium Files - nirvanA Initiative ,       156,ps4,"['Jun 24, 2022']",85
156,Wipeout: Omega Collection ,       157,ps4,"['Jun 6, 2017']",85
157,Mortal Kombat XL ,       158,ps4,"['Mar 1, 2016']",85
158,Geometry Wars 3: Dimensions ,       159,ps4,"['Nov 25, 2014']",85
159,Ratchet & Clank (PS4) ,       160,ps4,"['Apr 12, 2016']",85
160,MLB The Show 16 ,       161,ps4,"['Mar 29, 2016']",85
161,Valkyria Chronicles 4 ,       162,ps4,"['Sep 25, 2018']",85
162,Far Cry 4 ,       163,ps4,"['Nov 18, 2014']",85
163,Moss ,       164,ps4,"['Feb 27, 2018']",85
164,Tomb Raider: Definitive Edition ,       165,ps4,"['Jan 28, 2014']",85
165,Shadow Tactics: Blades of the Shogun ,       166,ps4,"['Aug 1, 2017']",85
166,Super Meat Boy ,       167,ps4,"['Oct 6, 2015']",85
167,Pyre ,       168,ps4,"['Jul 25, 2017']",85
168,FIFA 17 ,       169,ps4,"['Sep 27, 2016']",85
169,DiRT 4 ,       170,ps4,"['Jun 6, 2017']",85
170,Crash Bandicoot 4: It's About Time ,       171,ps4,"['Oct 2, 2020']",85
171,Gone Home ,       172,ps4,"['Jan 12, 2016']",85
172,428: Shibuya Scramble ,       173,ps4,"['Sep 4, 2018']",85
173,Ni no Kuni II: Revenant Kingdom ,       174,ps4,"['Mar 23, 2018']",84
174,Statik ,       175,ps4,"['Apr 24, 2017']",84
175,Valkyria Chronicles Remastered ,       176,ps4,"['May 17, 2016']",84
176,F1 2018 ,       177,ps4,"['Aug 24, 2018']",84
177,Kingdom Hearts HD I.5 + II.5 Remix ,       178,ps4,"['Mar 28, 2017']",84
178,Middle-earth: Shadow of Mordor ,       179,ps4,"['Sep 30, 2014']",84
179,Guilty Gear Xrd -SIGN- ,       180,ps4,"['Dec 16, 2014']",84
180,BlazBlue: Central Fiction ,       181,ps4,"['Nov 1, 2016']",84
181,Salt and Sanctuary ,       182,ps4,"['Mar 15, 2016']",84
182,Dark Souls Remastered ,       183,ps4,"['May 25, 2018']",84
183,Castlevania Advance Collection ,       184,ps4,"['Sep 23, 2021']",84
184,Day of the Tentacle Remastered ,       185,ps4,"['Mar 22, 2016']",84
185,ZEN Pinball 2: South Park: Super-Sweet Pinball ,       186,ps4,"['Oct 14, 2014']",84
186,Yakuza: Like a Dragon ,       187,ps4,"['Nov 10, 2020']",84
187,DiRT Rally 2.0 ,       188,ps4,"['Feb 26, 2019']",84
188,Deus Ex: Mankind Divided ,       189,ps4,"['Aug 23, 2016']",84
189,Guilty Gear -Strive- ,       190,ps4,"['Jun 8, 2021']",84
190,Thumper ,       191,ps4,"['Oct 10, 2016']",84
191,Axiom Verge ,       192,ps4,"['Mar 31, 2015']",84
192,Polybius ,       193,ps4,"['May 9, 2017']",84
193,Uncharted: The Lost Legacy ,       194,ps4,"['Aug 22, 2017']",84
194,Wargroove ,       195,ps4,"['Jul 23, 2019']",84
195,SoulCalibur VI ,       196,ps4,"['Oct 19, 2018']",84
196,Pinball ,       197,ps4,"['Apr 26, 2016']",84
197,Hatsune Miku: Project Diva Future Tone - Colorful Tone ,       198,ps4,"['Jan 10, 2017']",84
198,Hatsune Miku: Project Diva Future Tone - Future Sound ,       199,ps4,"['Jan 10, 2017']",84
199,Resogun ,       200,ps4,"['Nov 15, 2013']",84
200,Marvel's Spider-Man: Miles Morales ,       201,ps4,"['Nov 12, 2020']",84
201,Ghost Trick: Phantom Detective ,       202,ps4,"['Jun 30, 2023']",84
202,F1 2019 ,       203,ps4,"['Jun 25, 2019']",84
203,Lara Croft GO ,       204,ps4,"['Dec 3, 2016']",84
204,Oddworld: Abe's Oddysee - New 'n' Tasty ,       205,ps4,"['Jul 22, 2014']",84
205,Hitman - Episode 2: Sapienza ,       206,ps4,"['Apr 26, 2016']",84
206,BioShock: The Collection ,       207,ps4,"['Sep 13, 2016']",84
207,Hitman ,       208,ps4,"['Mar 11, 2016']",84
208,FIFA 18 ,       209,ps4,"['Sep 26, 2017']",84
209,Trine 2: Complete Story ,       210,ps4,"['Nov 15, 2013']",84
210,Final Fantasy X / X-2 HD Remaster ,       211,ps4,"['May 12, 2015']",84
211,Assassin's Creed Origins: The Curse of the Pharaohs ,       212,ps4,"['Mar 13, 2018']",83
212,DmC: Devil May Cry Definitive Edition ,       213,ps4,"['Mar 10, 2015']",83
213,Disgaea 1 Complete ,       214,ps4,"['Oct 9, 2018']",83
214,Pro Evolution Soccer 2018 ,       215,ps4,"['Sep 12, 2017']",83
215,Call of Duty: Black Ops 4 ,       216,ps4,"['Oct 12, 2018']",83
216,Ghost of Tsushima ,       217,ps4,"['Jul 17, 2020']",83
217,The Yakuza Remastered Collection ,       218,ps4,"['Aug 20, 2019']",83
218,Guacamelee! 2 ,       219,ps4,"['Aug 21, 2018']",83
219,Persona 5 Strikers ,       220,ps4,"['Feb 19, 2021']",83
220,FAR: Lone Sails ,       221,ps4,"['Apr 2, 2019']",83
221,Bloodstained: Ritual of the Night ,       222,ps4,"['Jun 18, 2019']",83
222,Assassin's Creed IV: Black Flag ,       223,ps4,"['Nov 12, 2013']",83
223,Crash Team Racing: Nitro-Fueled ,       224,ps4,"['Jun 21, 2019']",83
224,Kingdom Hearts III ,       225,ps4,"['Jan 29, 2019']",83
225,Prey: Mooncrash ,       226,ps4,"['Jun 11, 2018']",83
226,Darkest Dungeon ,       227,ps4,"['Sep 27, 2016']",83
227,Resident Evil HD Remaster ,       228,ps4,"['Jan 20, 2015']",83
228,Puyo Puyo Tetris ,       229,ps4,"['Apr 25, 2017']",83
229,Yoku's Island Express ,       230,ps4,"['May 29, 2018']",83
230,Call of Duty: Modern Warfare Remastered ,       231,ps4,"['Oct 5, 2016']",83
231,MLB The Show 20 ,       232,ps4,"['Mar 13, 2020']",83
232,,       233,ps4,"['Apr 22, 2021']",83
233,ZEN Pinball 2: Portal Pinball ,       234,ps4,"['May 26, 2015']",83
234,Sackboy: A Big Adventure ,       235,ps4,"['Nov 12, 2020']",83
235,Dragon Quest Builders ,       236,ps4,"['Oct 11, 2016']",83
236,Transistor ,       237,ps4,"['May 20, 2014']",83
237,Yakuza 6: The Song of Life ,       238,ps4,"['Apr 17, 2018']",83
238,Battle Chef Brigade ,       239,ps4,"['Aug 28, 2018']",83
239,Metro Redux ,       240,ps4,"['Aug 26, 2014']",83
240,The Swapper ,       241,ps4,"['Aug 5, 2014']",83
241,LEGO Marvel Super Heroes ,       242,ps4,"['Nov 15, 2013']",83
242,Moss: Book II ,       243,ps4,"['Mar 31, 2022']",83
243,No Man's Sky Beyond ,       244,ps4,"['Aug 14, 2019']",83
244,Creaks ,       245,ps4,"['Jul 22, 2020']",83
245,Life is Strange: True Colors ,       246,ps4,"['Sep 10, 2021']",83
246,Call of Duty: Advanced Warfare ,       247,ps4,"['Nov 3, 2014']",83
247,MLB 14: The Show ,       248,ps4,"['May 6, 2014']",83
248,Project CARS ,       249,ps4,"['May 12, 2015']",83
249,FIFA 19 ,       250,ps4,"['Sep 25, 2018']",83
250,Mortal Kombat X ,       251,ps4,"['Apr 14, 2015']",83
251,NBA 2K15 ,       252,ps4,"['Oct 7, 2014']",83
252,Danganronpa 1-2 Reload ,       253,ps4,"['Mar 14, 2017']",83
253,Madden NFL 16 ,       254,ps4,"['Aug 25, 2015']",83
254,Spiritfarer ,       255,ps4,"['Aug 18, 2020']",83
255,Horizon Zero Dawn: The Frozen Wilds ,       256,ps4,"['Nov 7, 2017']",83
256,SUPERHOT ,       257,ps4,"['Jul 21, 2017']",83
257,Detention ,       258,ps4,"['Oct 3, 2017']",83
258,Street Fighter: 30th Anniversary Collection ,       259,ps4,"['May 29, 2018']",83
259,SteamWorld Heist ,       260,ps4,"['Jun 7, 2016']",83
260,Tales From The Borderlands: Episode 3 - Catch A Ride ,       261,ps4,"['Jun 23, 2015']",83
261,Horizon Forbidden West ,       262,ps4,"['Feb 18, 2022']",83
262,Infernax ,       263,ps4,"['Feb 14, 2022']",83
263,Iconoclasts ,       264,ps4,"['Jan 23, 2018']",83
264,Assassin's Creed Odyssey ,       265,ps4,"['Oct 2, 2018']",83
265,VA-11 Hall-A: Cyberpunk Bartender Action ,       266,ps4,"['May 2, 2019']",83
266,ZEN Pinball 2: The Walking Dead ,       267,ps4,"['Aug 26, 2014']",83
267,F1 2021 ,       268,ps4,"['Jul 13, 2021']",83
268,Freedom Finger ,       269,ps4,"['Mar 24, 2020']",82
269,Laser League ,       270,ps4,"['May 10, 2018']",82
270,Street Fighter V: Champion Edition ,       271,ps4,"['Feb 14, 2020']",82
271,Sayonara Wild Hearts ,       272,ps4,"['Sep 19, 2019']",82
272,Watch Dogs 2 ,       273,ps4,"['Nov 15, 2016']",82
273,Hand of Fate 2 ,       274,ps4,"['Nov 7, 2017']",82
274,FIFA 16 ,       275,ps4,"['Sep 22, 2015']",82
275,Nuclear Throne ,       276,ps4,"['Dec 5, 2015']",82
276,Wreckfest ,       277,ps4,"['Aug 27, 2019']",82
277,Outer Wilds ,       278,ps4,"['Oct 15, 2019']",82
278,Project CARS 2 ,       279,ps4,"['Sep 22, 2017']",82
279,Katamari Damacy REROLL ,       280,ps4,"['Nov 20, 2020']",82
280,Yakuza 5 Remastered ,       281,ps4,"['Feb 11, 2020']",82
281,The Pinball Arcade ,       282,ps4,"['Dec 17, 2013']",82
282,Borderlands: The Handsome Collection ,       283,ps4,"['Mar 24, 2015']",82
283,Tom Clancy's The Division 2 ,       284,ps4,"['Mar 12, 2019']",82
284,Madden NFL 18 ,       285,ps4,"['Aug 22, 2017']",82
285,Madden NFL 17 ,       286,ps4,"['Aug 23, 2016']",82
286,F1 2016 ,       287,ps4,"['Aug 19, 2016']",82
287,Destiny 2: Forsaken ,   288,ps4,"['Sep 4, 2018']",82
288,Tales of Arise ,       289,ps4,"['Sep 10, 2021']",82
289,Yooka-Laylee and the Impossible Lair ,       290,ps4,"['Oct 8, 2019']",82
290,N++ ,       291,ps4,"['Jul 28, 2015']",82
291,Pro Evolution Soccer 2015 ,       292,ps4,"['Nov 11, 2014']",82
292,Atelier Sophie 2: The Alchemist of the Mysterious Dream ,       293,ps4,"['Feb 25, 2022']",82
293,Desperados III ,       294,ps4,"['Jun 16, 2020']",82
294,Dark Souls III: The Ringed City ,       295,ps4,"['Mar 28, 2017']",82
295,The Great Ace Attorney Chronicles ,       296,ps4,"['Jul 27, 2021']",82
296,I Expect You To Die ,       297,ps4,"['Dec 13, 2016']",82
297,Sairento VR ,       298,ps4,"['Jul 10, 2019']",82
298,Huntdown ,       299,ps4,"['May 12, 2020']",82
299,Galak-Z: The Dimensional ,       300,ps4,"['Aug 4, 2015']",82
300,Sportsfriends ,       301,ps4,"['May 6, 2014']",82
301,Hitman 2 ,       302,ps4,"['Nov 9, 2018']",82
302,Death Stranding ,       303,ps4,"['Nov 8, 2019']",82
303,Skullgirls: 2nd Encore ,       304,ps4,"['Jul 7, 2015']",82
304,,       305,ps4,"['Apr 19, 2016']",82
305,Resident Evil 4 HD ,       306,ps4,"['Aug 30, 2016']",82
306,Mortal Kombat 11 ,       307,ps4,"['Apr 23, 2019']",82
307,Spyro Reignited Trilogy ,       308,ps4,"['Nov 13, 2018']",82
308,Little Nightmares II ,       309,ps4,"['Feb 11, 2021']",82
309,Control ,       310,ps4,"['Aug 27, 2019']",82
310,eFootball PES 2020 ,       311,ps4,"['Sep 10, 2019']",82
311,Dishonored: Death of the Outsider ,       312,ps4,"['Sep 15, 2017']",82
312,Streets of Rage 4 ,       313,ps4,"['Apr 30, 2020']",82
313,Two Point Hospital ,       314,ps4,"['Feb 25, 2020']",82
314,Lovers in a Dangerous Spacetime ,       315,ps4,"['Feb 9, 2016']",82
315,GRIS ,       316,ps4,"['Nov 22, 2019']",82
316,Enter the Gungeon ,       317,ps4,"['Apr 5, 2016']",82
317,Child of Light ,       318,ps4,"['Apr 29, 2014']",82
318,The Last Guardian ,       319,ps4,"['Dec 6, 2016']",82
319,Sprint Vector ,       320,ps4,"['Feb 13, 2018']",82
320,The Legend of Heroes: Trails of Cold Steel III ,       321,ps4,"['Oct 22, 2019']",82
321,The Walking Dead: The Telltale Definitive Series ,       322,ps4,"['Sep 10, 2019']",82
322,MLB The Show 18 ,       323,ps4,"['Mar 27, 2018']",82
323,The Messenger ,       324,ps4,"['Mar 19, 2019']",82
324,NBA 2K19 ,       325,ps4,"['Sep 7, 2018']",82
325,SteamWorld Dig ,       326,ps4,"['Mar 18, 2014']",82
326,Tekken 7 ,       327,ps4,"['Jun 2, 2017']",82
327,Mega Man 11 ,       328,ps4,"['Oct 2, 2018']",82
328,Life is Strange 2: Episode 5 - Wolves ,   329,ps4,"['Dec 3, 2019']",82
329,PixelJunk Shooter Ultimate ,       330,ps4,"['Jun 3, 2014']",82
330,FIFA 15 ,       331,ps4,"['Sep 23, 2014']",82
331,ZEN Pinball 2 ,       332,ps4,"['Dec 24, 2013']",82
332,Burnout Paradise Remastered ,       333,ps4,"['Mar 16, 2018']",82
333,Endling - Extinction is Forever ,       334,ps4,"['Jul 19, 2022']",82
334,Pixel Ripped 1995 ,       335,ps4,"['May 12, 2020']",82
335,A Plague Tale: Innocence ,       336,ps4,"['May 14, 2019']",81
336,The Elder Scrolls V: Skyrim Special Edition ,       337,ps4,"['Oct 28, 2016']",81
337,Metrico+ ,       338,ps4,"['Aug 23, 2016']",81
338,Atelier Arland Series Deluxe Pack ,       339,ps4,"['Dec 4, 2018']",81
339,Madden NFL 15 ,       340,ps4,"['Aug 26, 2014']",81
340,Slime-san: Superslime Edition ,       341,ps4,"['Jun 26, 2018']",81
341,Hellblade: Senua's Sacrifice ,       342,ps4,"['Aug 8, 2017']",81
342,Plants vs Zombies: Garden Warfare 2 ,       343,ps4,"['Feb 23, 2016']",81
343,Danganronpa V3: Killing Harmony ,       344,ps4,"['Sep 26, 2017']",81
344,Hitman - Episode 6: Hokkaido ,       345,ps4,"['Oct 31, 2016']",81
345,The Legend of Heroes: Trails to Azure ,       346,ps4,"['Mar 14, 2023']",81
346,Fuser ,       347,ps4,"['Nov 10, 2020']",81
347,Tearaway Unfolded ,       348,ps4,"['Sep 8, 2015']",81
348,Trackmania Turbo ,       349,ps4,"['Mar 22, 2016']",81
349,Deus Ex: Mankind Divided - A Criminal Past ,       350,ps4,"['Feb 23, 2017']",81
350,Hunt: Showdown ,       351,ps4,"['Feb 18, 2020']",81
351,Life is Strange: Episode 3 - Chaos Theory ,       352,ps4,"['May 19, 2015']",81
352,Cities: Skylines ,       353,ps4,"['Aug 15, 2017']",81
353,Overcooked! 2 ,       354,ps4,"['Aug 7, 2018']",81
354,Bloodroots ,       355,ps4,"['Feb 28, 2020']",81
355,Skylanders SuperChargers ,       356,ps4,"['Sep 20, 2015']",81
356,Life is Strange: Episode 5 - Polarized ,       357,ps4,"['Oct 20, 2015']",81
357,Helldivers ,       358,ps4,"['Mar 3, 2015']",81
358,Brothers: A Tale of Two Sons ,       359,ps4,"['Aug 11, 2015']",81
359,Broken Age ,       360,ps4,"['Apr 28, 2015']",81
360,Life is Strange: Episode 4 - Dark Room ,       361,ps4,"['Jul 28, 2015']",81
361,Samurai Shodown ,       362,ps4,"['Jun 25, 2019']",81
362,Shantae: Half-Genie Hero ,       363,ps4,"['Dec 20, 2016']",81
363,Children of Zodiarcs ,       364,ps4,"['Jul 18, 2017']",81
364,The Invisible Hours ,       365,ps4,"['Oct 10, 2017']",81
365,Life is Strange 2: Episode 1 - Roads ,       366,ps4,"['Sep 27, 2018']",81
366,Catherine: Full Body ,       367,ps4,"['Sep 3, 2019']",81
367,SnowRunner ,       368,ps4,"['Apr 28, 2020']",81
368,Timespinner ,       369,ps4,"['Sep 25, 2018']",81
369,CrossCode ,       370,ps4,"['Jul 9, 2020']",81
370,Final Fantasy XV ,       371,ps4,"['Nov 29, 2016']",81
371,Genshin Impact ,       372,ps4,"['Sep 28, 2020']",81
372,The Legend of Heroes: Trails of Cold Steel IV - The End of Saga ,       373,ps4,"['Oct 27, 2020']",81
373,Assassin's Creed Origins ,       374,ps4,"['Oct 27, 2017']",81
374,Tales of Vesperia: Definitive Edition ,       375,ps4,"['Jan 11, 2019']",81
375,Apollo Justice: Ace Attorney Trilogy ,       376,ps4,"['Jan 25, 2024']",81
376,Minit ,       377,ps4,"['Apr 3, 2018']",81
377,Tales From The Borderlands: Episode 2 - Atlas Mugged ,       378,ps4,"['Mar 17, 2015']",81
378,Star Wars Pinball: The Force Awakens ,   379,ps4,"['Jan 12, 2016']",81
379,Resident Evil Village ,       380,ps4,"['May 7, 2021']",81
380,Moonlighter ,       381,ps4,"['May 29, 2018']",81
381,Far Cry 5 ,       382,ps4,"['Mar 27, 2018']",81
382,The Vanishing of Ethan Carter ,       383,ps4,"['Jul 14, 2015']",81
383,Sine Mora EX ,       384,ps4,"['Aug 8, 2017']",81
384,Baldur's Gate and Baldur's Gate II: Enhanced Editions ,       385,ps4,"['Oct 15, 2019']",81
385,Atelier Ryza 2: Lost Legends & the Secret Fairy ,       386,ps4,"['Jan 26, 2021']",81
386,Steins;Gate 0 ,       387,ps4,"['Nov 29, 2016']",81
387,Creature in the Well ,       388,ps4,"['Mar 27, 2020']",81
388,Redout (2016) ,       389,ps4,"['Aug 29, 2017']",81
389,Call of Duty: Black Ops III ,       390,ps4,"['Nov 6, 2015']",81
390,Noire: The VR Case Files ,       391,ps4,"['Sep 24, 2019']",81
391,Fall Guys ,       392,ps4,"['Aug 4, 2020']",81
392,God of War III Remastered ,       393,ps4,"['Jul 14, 2015']",81
393,WRC 9 FIA World Rally Championship ,       394,ps4,"['Sep 4, 2020']",81
394,Darksiders: Warmastered Edition ,       395,ps4,"['Nov 22, 2016']",81
395,Final Fantasy VIII Remastered ,       396,ps4,"['Sep 3, 2019']",80
396,Disgaea 5: Alliance of Vengeance ,       397,ps4,"['Oct 6, 2015']",80
397,Watch Dogs ,       398,ps4,"['May 27, 2014']",80
398,Signalis ,       399,ps4,"['Oct 27, 2022']",80
399,NBA 2K18 ,       400,ps4,"['Sep 15, 2017']",80
400,Five Nights at Freddy's: Help Wanted ,       401,ps4,"['May 28, 2019']",80
401,Assassin's Creed Valhalla ,       402,ps4,"['Nov 10, 2020']",80
402,Ys IX: Monstrum Nox ,       403,ps4,"['Feb 2, 2021']",80
403,Subnautica ,       404,ps4,"['Dec 4, 2018']",80
404,Disney Infinity 3.0 Edition ,       405,ps4,"['Aug 30, 2015']",80
405,BlazBlue: Chrono Phantasma Extend ,       406,ps4,"['Jun 30, 2015']",80
406,Transpose ,       407,ps4,"['Nov 6, 2018']",80
407,Pix the Cat ,       408,ps4,"['Oct 7, 2014']",80
408,Yakuza Kiwami ,       409,ps4,"['Aug 29, 2017']",80
409,Under Night In-Birth Exe:Late[cl-r] ,       410,ps4,"['Feb 20, 2020']",80
410,Blood & Truth ,       411,ps4,"['May 28, 2019']",80
411,Going Under ,       412,ps4,"['Sep 24, 2020']",80
412,Dariusburst: Chronicle Saviours ,       413,ps4,"['Dec 2, 2015']",80
413,Torchlight II ,       414,ps4,"['Sep 3, 2019']",80
414,Injustice: Gods Among Us - Ultimate Edition ,       415,ps4,"['Nov 12, 2013']",80
415,The Legend of Heroes: Trails from Zero ,       416,ps4,"['Sep 27, 2022']",80
416,Super Mega Baseball 3 ,       417,ps4,"['May 13, 2020']",80
417,Call of Duty: Modern Warfare ,       418,ps4,"['Oct 25, 2019']",80
418,Neon Abyss ,       419,ps4,"['Jul 14, 2020']",80
419,Ghost Giant ,       420,ps4,"['Apr 16, 2019']",80
420,Life is Strange: Before the Storm - Farewell ,   421,ps4,"['Mar 5, 2018']",80
421,Mega Man X Legacy Collection 1 + 2 ,       422,ps4,"['Jul 24, 2018']",80
422,LEGO Dimensions ,       423,ps4,"['Sep 27, 2015']",80
423,Thronebreaker: The Witcher Tales ,       424,ps4,"['Dec 4, 2018']",80
424,Phoenix Wright: Ace Attorney Trilogy ,       425,ps4,"['Apr 9, 2019']",80
425,Valfaris ,       426,ps4,"['Nov 5, 2019']",80
426,The Eternal Cylinder ,       427,ps4,"['Sep 30, 2021']",80
427,The Walking Dead: The Telltale Series - A New Frontier Episode 1: Ties That Bind Part One ,       428,ps4,"['Dec 20, 2016']",80
428,Prison Architect ,       429,ps4,"['Jun 28, 2016']",80
429,Metro Exodus ,       430,ps4,"['Feb 15, 2019']",80
430,Shin Megami Tensei: Persona 3 Portable ,       431,ps4,"['Jan 19, 2023']",80
431,Dishonored: Definitive Edition ,       432,ps4,"['Aug 25, 2015']",80
432,Ace Combat 7: Skies Unknown ,       433,ps4,"['Jan 18, 2019']",80
433,MLB 15: The Show ,       434,ps4,"['Mar 31, 2015']",80
434,RiME ,       435,ps4,"['May 26, 2017']",80
435,Trine 4: The Nightmare Prince ,       436,ps4,"['Oct 8, 2019']",80
436,Sane Trilogy ,       437,ps4,"['Jun 30, 2017']",80
437,Superliminal ,       438,ps4,"['Jul 7, 2020']",80
438,The Jackbox Party Pack 5 ,       439,ps4,"['Oct 16, 2018']",80
439,Dauntless ,       440,ps4,"['May 21, 2019']",80
440,Octahedron ,       441,ps4,"['Mar 20, 2018']",80
441,NEO: The World Ends with You ,       442,ps4,"['Jul 27, 2021']",80
442,Persona 4 Arena Ultimax ,       443,ps4,"['Mar 17, 2022']",80
443,Tales From The Borderlands: Episode 1 - Zer0 Sum ,       444,ps4,"['Nov 25, 2014']",80
444,Hyper Light Drifter ,       445,ps4,"['Jul 26, 2016']",80
445,Gravity Rush 2 ,       446,ps4,"['Jan 20, 2017']",80
446,NHL 19 ,       447,ps4,"['Sep 14, 2018']",80
447,Score Rush Extended ,       448,ps4,"['May 31, 2016']",80
448,The King of Fighters XV ,       449,ps4,"['Feb 17, 2022']",80
449,Puyo Puyo Tetris 2 ,       450,ps4,"['Dec 8, 2020']",80
450,Need for Speed: Rivals ,       451,ps4,"['Nov 15, 2013']",80
451,The Legend of Heroes: Trails of Cold Steel ,       452,ps4,"['Mar 26, 2019']",80
452,Grim Fandango Remastered ,       453,ps4,"['Jan 27, 2015']",80
453,Madden NFL 19 ,       454,ps4,"['Aug 10, 2018']",80
454,Mega Man Zero / ZX Legacy Collection ,       455,ps4,"['Feb 25, 2020']",80
455,Star Wars Pinball: Heroes Within ,       456,ps4,"['Apr 29, 2014']",80
456,Wasteland 2: Director's Cut ,       457,ps4,"['Oct 13, 2015']",80
457,Lost in Random ,       458,ps4,"['Sep 10, 2021']",80
458,Untitled Goose Game ,       459,ps4,"['Dec 17, 2019']",80
459,Dragon's Crown ,       460,ps4,"['May 15, 2018']",80
460,Cotton Fantasy ,       461,ps4,"['May 20, 2022']",80
461,Arise: A Simple Story ,       462,ps4,"['Dec 3, 2019']",80
462,inFamous: Second Son ,       463,ps4,"['Mar 21, 2014']",80
463,Guitar Hero Live ,       464,ps4,"['Oct 20, 2015']",80
464,The Evil Within: The Assignment ,       465,ps4,"['Mar 10, 2015']",80
465,Tom Clancy's The Division ,       466,ps4,"['Mar 8, 2016']",80
466,Lumines Remastered ,       467,ps4,"['Jun 26, 2018']",80
467,Downwell ,       468,ps4,"['May 24, 2016']",80
468,Rabi-Ribi ,       469,ps4,"['Oct 31, 2017']",80
469,Visage ,       470,ps4,"['Oct 31, 2020']",80
470,The Walking Dead: The Telltale Series - A New Frontier Episode 2: Ties That Bind Part Two ,       471,ps4,"['Dec 20, 2016']",80
471,BPM: Bullets Per Minute ,       472,ps4,"['Oct 5, 2021']",80
472,Nobunaga's Ambition: Sphere of Influence ,       473,ps4,"['Sep 1, 2015']",80
473,Natsuki Chronicles ,       474,ps4,"['Feb 18, 2021']",80
474,Gravity Rush Remastered ,       475,ps4,"['Feb 2, 2016']",80
475,Darkwood ,       476,ps4,"['May 14, 2019']",80
476,Everything ,       477,ps4,"['Mar 21, 2017']",80
477,The Banner Saga 3 ,       478,ps4,"['Jul 26, 2018']",80
478,AVICII Invector ,       479,ps4,"['Dec 10, 2019']",80
479,World of Tanks ,       480,ps4,"['Jan 19, 2016']",80
480,Knockout City ,       481,ps4,"['May 21, 2021']",80
481,Judgment ,       482,ps4,"['Jun 21, 2019']",80
482,Ziggurat ,       483,ps4,"['Apr 21, 2015']",80
483,Zero Escape: Zero Time Dilemma ,       484,ps4,"['Aug 18, 2017']",80
484,Middle-earth: Shadow of War ,       485,ps4,"['Oct 10, 2017']",80
485,Children of Morta ,       486,ps4,"['Oct 15, 2019']",80
486,Scarlet Nexus ,       487,ps4,"['Jun 25, 2021']",80
487,Skylanders Imaginators ,       488,ps4,"['Oct 16, 2016']",79
488,LocoRoco 2 ,       489,ps4,"['Dec 9, 2017']",79
489,Wolfenstein: The New Order ,       490,ps4,"['May 20, 2014']",79
490,Telling Lies ,       491,ps4,"['Apr 28, 2020']",79
491,Atelier Dusk Trilogy Deluxe Pack ,       492,ps4,"['Jan 14, 2020']",79
492,Firewall Zero Hour ,       493,ps4,"['Aug 28, 2018']",79
493,Star Wars Jedi: Fallen Order ,       494,ps4,"['Nov 15, 2019']",79
494,Sam & Max Save the World Remastered ,       495,ps4,"['Sep 29, 2022']",79
495,The Metronomicon: Slay the Dance Floor ,       496,ps4,"['Aug 29, 2017']",79
496,SOMA ,       497,ps4,"['Sep 22, 2015']",79
497,Knights and Bikes ,       498,ps4,"['Aug 27, 2019']",79
498,A Hat in Time ,       499,ps4,"['Dec 5, 2017']",79
499,Life is Strange: Before the Storm - Episode 2: Brave New World ,   500,ps4,"['Oct 19, 2017']",79
500,Planet Coaster ,       501,ps4,"['Nov 10, 2020']",79
501,EarthNight ,       502,ps4,"['Jan 23, 2020']",79
502,Gravity Ghost ,       503,ps4,"['Aug 6, 2019']",79
503,Five Dates ,       504,ps4,"['Nov 17, 2020']",79
504,South Park: The Fractured But Whole ,       505,ps4,"['Oct 17, 2017']",79
505,Skylanders Swap Force ,       506,ps4,"['Nov 15, 2013']",79
506,Oxenfree ,       507,ps4,"['May 31, 2016']",79
507,Prey ,       508,ps4,"['May 5, 2017']",79
508,Until Dawn (2015) ,       509,ps4,"['Aug 25, 2015']",79
509,LittleBigPlanet 3 ,       510,ps4,"['Nov 18, 2014']",79
510,Bugsnax ,       511,ps4,"['Nov 12, 2020']",79
511,The Walking Dead: Saints & Sinners ,       512,ps4,"['May 5, 2020']",79
512,PHOGS! ,       513,ps4,"['Dec 3, 2020']",79
513,Alien: Isolation ,       514,ps4,"['Oct 7, 2014']",79
514,Hob ,       515,ps4,"['Sep 26, 2017']",79
515,Pinball FX2 VR ,       516,ps4,"['Nov 29, 2016']",79
516,The Banner Saga ,       517,ps4,"['Jan 12, 2016']",79
517,Trials Fusion ,       518,ps4,"['Apr 15, 2014']",79
518,LocoRoco Hi ,       519,ps4,"['May 9, 2017']",79
519,NieR: Automata - 3C3C1D119440927 ,       520,ps4,"['May 2, 2017']",79
520,Zen Pinball 2: Bethesda Pinball ,   521,ps4,"['Dec 6, 2016']",79
521,King's Quest Chapter 3: Once Upon a Climb ,       522,ps4,"['Apr 26, 2016']",79
522,Helheim Hassle ,       523,ps4,"['Jan 20, 2021']",79
523,Pro Evolution Soccer 2019 ,       524,ps4,"['Aug 28, 2018']",79
524,Naruto Shippuden: Ultimate Ninja Storm 4 ,       525,ps4,"['Feb 9, 2016']",79
525,Fire Pro Wrestling World ,       526,ps4,"['Aug 28, 2018']",79
526,Call of Duty: Warzone Caldera ,       527,ps4,"['Mar 10, 2020']",79
527,Rock of Ages 2: Bigger & Boulder ,       528,ps4,"['Aug 28, 2017']",79
528,Shooty Fruity ,       529,ps4,"['Dec 19, 2017']",79
529,ECHO (2017) ,       530,ps4,"['Oct 10, 2017']",79
530,SMITE ,       531,ps4,"['May 31, 2016']",79
531,Resident Evil 3 ,       532,ps4,"['Apr 3, 2020']",79
532,Nioh 2: Darkness in the Capital ,       533,ps4,"['Oct 15, 2020']",79
533,Driveclub Bikes ,       534,ps4,"['Oct 27, 2015']",79
534,DiRT 5 ,       535,ps4,"['Nov 3, 2020']",79
535,Nioh: Defiant Honor ,       536,ps4,"['Jul 25, 2017']",79
536,The King of Fighters XIV ,       537,ps4,"['Aug 23, 2016']",79
537,Tales of Berseria ,       538,ps4,"['Jan 24, 2017']",79
538,Star Wars: Squadrons ,       539,ps4,"['Oct 2, 2020']",79
539,Pac-Man 256 ,       540,ps4,"['Jun 21, 2016']",79
540,Trials Rising ,       541,ps4,"['Feb 26, 2019']",79
541,Alienation ,       542,ps4,"['Apr 26, 2016']",79
542,Hand of Fate ,       543,ps4,"['Feb 17, 2015']",79
543,Bleed 2 ,       544,ps4,"['Feb 6, 2018']",79
544,River City Girls ,       545,ps4,"['Aug 30, 2019']",79
545,Paper Beast ,       546,ps4,"['Mar 24, 2020']",79
546,Capcom Fighting Collection ,       547,ps4,"['Jun 24, 2022']",79
547,FIFA 20 ,       548,ps4,"['Sep 24, 2019']",79
548,Wonder Boy: The Dragon's Trap ,       549,ps4,"['Apr 18, 2017']",79
549,Wasteland 3 ,       550,ps4,"['Aug 28, 2020']",79
550,Rival Megagun ,       551,ps4,"['Nov 29, 2018']",79
551,EA Sports UFC 2 ,       552,ps4,"['Mar 15, 2016']",79
552,Call of Duty: WWII ,       553,ps4,"['Nov 3, 2017']",79
553,WRC 8 FIA World Rally Championship ,       554,ps4,"['Sep 10, 2019']",79
554,Curse of the Dead Gods ,       555,ps4,"['Feb 23, 2021']",79
555,Pinball FX3 ,       556,ps4,"['Sep 26, 2017']",78
556,ZEN Pinball 2: Balls of Glory ,   557,ps4,"['Oct 20, 2015']",78
557,Ray'z Arcade Chronology ,       558,ps4,"['Jun 30, 2023']",78
558,Olija ,       559,ps4,"['Jan 28, 2021']",78
559,Detroit: Become Human ,       560,ps4,"['May 25, 2018']",78
560,EVERSPACE ,       561,ps4,"['May 22, 2018']",78
561,Cyber Shadow ,       562,ps4,"['Jan 26, 2021']",78
562,AI: The Somnium Files ,       563,ps4,"['Sep 17, 2019']",78
563,NHL 17 ,       564,ps4,"['Sep 13, 2016']",78
564,A Way Out ,       565,ps4,"['Mar 23, 2018']",78
565,For Honor: Marching Fire ,   566,ps4,"['Oct 16, 2018']",78
566,Death Road to Canada ,       567,ps4,"['May 8, 2018']",78
567,Super Rude Bear Resurrection ,       568,ps4,"['May 2, 2017']",78
568,Borderlands 3 ,       569,ps4,"['Sep 13, 2019']",78
569,King's Quest Chapter 5: The Good Knight ,   570,ps4,"['Oct 25, 2016']",78
570,Budget Cuts ,       571,ps4,"['Jul 10, 2020']",78
571,Shady Part of Me ,       572,ps4,"['Dec 10, 2020']",78
572,Hatsune Miku: Project Diva X ,       573,ps4,"['Aug 30, 2016']",78
573,Granblue Fantasy: Versus ,       574,ps4,"['Mar 3, 2020']",78
574,Overcooked! ,       575,ps4,"['Aug 2, 2016']",78
575,Grand Kingdom ,       576,ps4,"['Jun 21, 2016']",78
576,Bridge Constructor Portal ,       577,ps4,"['Mar 1, 2018']",78
577,For Honor ,       578,ps4,"['Feb 14, 2017']",78
578,Forgotton Anne ,       579,ps4,"['May 15, 2018']",78
579,MaxiBoost ON ,       580,ps4,"['Jul 30, 2020']",78
580,1001 Spikes ,       581,ps4,"['Jun 3, 2014']",78
581,LEGO Star Wars: The Force Awakens ,       582,ps4,"['Jun 28, 2016']",78
582,Unravel ,       583,ps4,"['Feb 9, 2016']",78
583,The Persistence VR ,       584,ps4,"['Jul 24, 2018']",78
584,Blasphemous ,       585,ps4,"['Sep 10, 2019']",78
585,forma.8 ,       586,ps4,"['Feb 28, 2017']",78
586,Mothergunship ,       587,ps4,"['Jul 17, 2018']",78
587,Control: The Foundation ,   588,ps4,"['Mar 26, 2020']",78
588,NHL 16 ,       589,ps4,"['Sep 15, 2015']",78
589,Rock Band 4 ,       590,ps4,"['Oct 6, 2015']",78
590,Dragon's Dogma: Dark Arisen ,       591,ps4,"['Oct 3, 2017']",78
591,Don't Starve ,       592,ps4,"['Jan 7, 2014']",78
592,Atelier Lulua: The Scion of Arland ,       593,ps4,"['May 21, 2019']",78
593,Super Cloudbuilt ,       594,ps4,"['Jul 25, 2017']",78
594,Fortnite ,       595,ps4,"['Jul 21, 2017']",78
595,Yakuza 4 Remastered ,       596,ps4,"['Oct 29, 2019']",78
596,Heavy Rain & Beyond: Two Souls Collection ,       597,ps4,"['Mar 1, 2016']",78
597,RIGS: Mechanized Combat League ,       598,ps4,"['Oct 13, 2016']",78
598,Heavy Rain ,       599,ps4,"['Mar 1, 2016']",78
599,What The Dub?! ,       600,ps4,"['Apr 8, 2021']",78
600,Red Dead Redemption and Undead Nightmare ,       601,ps4,"['Aug 17, 2023']",78
601,Under Night In-Birth Exe:Late[st] ,       602,ps4,"['Feb 9, 2018']",78
602,The Forest (2014) ,       603,ps4,"['Nov 6, 2018']",78
603,Shakedown Hawaii ,       604,ps4,"['May 7, 2019']",78
604,The Legend of Heroes: Trails of Cold Steel II ,       605,ps4,"['Jun 4, 2019']",78
605,John Wick Hex ,       606,ps4,"['May 5, 2020']",78
606,Worms W.M.D ,       607,ps4,"['Aug 23, 2016']",78
607,Amnesia Collection ,       608,ps4,"['Nov 22, 2016']",78
608,Life is Strange: Episode 2 - Out of Time ,       609,ps4,"['Mar 24, 2015']",78
609,Darknet ,       610,ps4,"['Mar 7, 2017']",78
610,Skylanders Trap Team ,       611,ps4,"['Oct 5, 2014']",78
611,Call of Duty: Ghosts ,       612,ps4,"['Nov 15, 2013']",78
612,The Banner Saga 2 ,       613,ps4,"['Jul 5, 2016']",78
613,Tacoma ,       614,ps4,"['May 8, 2018']",78
614,Fury Unleashed ,       615,ps4,"['May 8, 2020']",78
615,The Walking Dead: The Telltale Series - The Final Season Episode 3: Broken Toys ,   616,ps4,"['Jan 15, 2019']",78
616,Little Nightmares ,       617,ps4,"['Apr 28, 2017']",78
617,PlanetSide 2 ,       618,ps4,"['Jun 23, 2015']",78
618,NBA 2K20 ,       619,ps4,"['Sep 6, 2019']",78
619,This War of Mine ,       620,ps4,"['Jan 29, 2016']",78
620,Life is Strange 2 ,       621,ps4,"['Sep 26, 2018']",78
621,Tales From The Borderlands: Episode 4 - Escape Plan Bravo ,       622,ps4,"['Aug 18, 2015']",78
622,The Walking Dead: The Telltale Series - The Final Season ,       623,ps4,"['Aug 14, 2018']",78
623,EA SPORTS UFC 4 ,       624,ps4,"['Aug 14, 2020']",78
624,ABZU ,       625,ps4,"['Aug 2, 2016']",78
625,Toki Tori 2 ,       626,ps4,"['Feb 23, 2016']",78
626,Life is Strange: Before the Storm - Episode 1: Awake ,       627,ps4,"['Aug 31, 2017']",78
627,Narita Boy ,       628,ps4,"['Mar 30, 2021']",78
628,Outlast ,       629,ps4,"['Feb 4, 2014']",78
629,Call of Duty: Black Ops III - Zombies Chronicles ,       630,ps4,"['May 16, 2017']",78
630,Everybody's Gone to the Rapture ,       631,ps4,"['Aug 11, 2015']",78
631,Horizon Chase Turbo ,       632,ps4,"['May 15, 2018']",78
632,Teslagrad ,       633,ps4,"['Apr 14, 2015']",78
633,Everybody's Golf ,       634,ps4,"['Aug 29, 2017']",78
634,Dying Light: The Following ,       635,ps4,"['Feb 9, 2016']",78
635,Flywrench ,       636,ps4,"['Feb 14, 2017']",78
636,Age of Wonders: Planetfall ,       637,ps4,"['Aug 6, 2019']",78
637,Zombies: Battle for Neighborville ,       638,ps4,"['Sep 4, 2019']",77
638,Yomawari: Midnight Shadows ,       639,ps4,"['Oct 24, 2017']",77
639,The Missing: JJ Macfield and the Island of Memories ,       640,ps4,"['Oct 15, 2018']",77
640,Elite: Dangerous ,       641,ps4,"['Jun 27, 2017']",77
641,Game of Thrones: Episode One - Iron From Ice ,       642,ps4,"['Dec 2, 2014']",77
642,Capcom Arcade 2nd Stadium ,       643,ps4,"['Jul 22, 2022']",77
643,Linelight ,       644,ps4,"['Jan 31, 2017']",77
644,HARDCORE MECHA ,       645,ps4,"['Jan 14, 2020']",77
645,Life is Strange 2: Episode 4 - Faith ,   646,ps4,"['Aug 22, 2019']",77
646,Life Goes On: Done to Death ,       647,ps4,"['May 17, 2016']",77
647,Capcom 3 ,       648,ps4,"['Dec 3, 2016']",77
648,Pac-Man Championship Edition 2 ,       649,ps4,"['Sep 13, 2016']",77
649,Life is Strange: Before the Storm - Episode 3: Hell is Empty ,   650,ps4,"['Dec 19, 2017']",77
650,Street Fighter V ,       651,ps4,"['Feb 16, 2016']",77
651,Othercide ,       652,ps4,"['Jul 28, 2020']",77
652,Capcom Arcade Stadium ,       653,ps4,"['May 25, 2021']",77
653,Shu ,       654,ps4,"['Oct 4, 2016']",77
654,Virginia ,       655,ps4,"['Sep 22, 2016']",77
655,Pillars of Eternity II: Deadfire ,       656,ps4,"['Jan 28, 2020']",77
656,Sakuna: Of Rice and Ruin ,       657,ps4,"['Nov 10, 2020']",77
657,Dragon Quest Heroes: The World Tree's Woe and the Blight Below ,       658,ps4,"['Oct 13, 2015']",77
658,Stellaris ,       659,ps4,"['Feb 26, 2019']",77
659,Kaze and the Wild Masks ,       660,ps4,"['Mar 26, 2021']",77
660,Indivisible ,       661,ps4,"['Oct 8, 2019']",77
661,Kerbal Space Program ,       662,ps4,"['Jul 12, 2016']",77
662,Final Fantasy XV: Royal Edition ,       663,ps4,"['Mar 6, 2018']",77
663,Life is Strange: Before the Storm ,       664,ps4,"['Aug 31, 2017']",77
664,Super Cane Magic ZERO ,       665,ps4,"['May 30, 2019']",77
665,Little Red Lie ,       666,ps4,"['Jan 9, 2018']",77
666,Valiant Hearts: The Great War ,       667,ps4,"['Jun 24, 2014']",77
667,Duke Nukem 3D: 20th Anniversary World Tour ,       668,ps4,"['Oct 11, 2016']",77
668,Ruined King: A League of Legends Story ,       669,ps4,"['Dec 16, 2021']",77
669,King's Quest Chapter 1: A Knight to Remember ,       670,ps4,"['Jul 28, 2015']",77
670,World of Final Fantasy ,       671,ps4,"['Oct 25, 2016']",77
671,Pacer ,       672,ps4,"['Oct 22, 2020']",77
672,Yakuza 3 Remastered ,       673,ps4,"['Feb 11, 2020']",77
673,SUPERHOT: MIND CONTROL DELETE ,       674,ps4,"['Jul 16, 2020']",77
674,11-11: Memories Retold ,       675,ps4,"['Nov 9, 2018']",77
675,Blue Reflection: Second Light ,       676,ps4,"['Nov 9, 2021']",77
676,Deliver Us The Moon ,       677,ps4,"['Apr 24, 2020']",77
677,Unravel Two ,       678,ps4,"['Jun 9, 2018']",77
678,Hitman GO ,       679,ps4,"['Feb 23, 2016']",77
679,Mega Man Legacy Collection ,       680,ps4,"['Aug 25, 2015']",77
680,FORM ,       681,ps4,"['Apr 7, 2020']",77
681,Let's Sing Queen ,       682,ps4,"['Oct 2, 2020']",77
682,Virtua Fighter 5 Ultimate Showdown ,       683,ps4,"['Jun 1, 2021']",77
683,Transformers: Devastation ,       684,ps4,"['Oct 6, 2015']",77
684,LEGO City Undercover ,       685,ps4,"['Apr 4, 2017']",77
685,Xeodrifter ,       686,ps4,"['Sep 1, 2015']",77
686,Game of Thrones: Episode Five - A Nest of Vipers ,       687,ps4,"['Jul 21, 2015']",77
687,The Elder Scrolls V: Skyrim VR ,       688,ps4,"['Nov 17, 2017']",77
688,Voice of Cards: The Beasts of Burden ,       689,ps4,"['Sep 13, 2022']",77
689,Nuclear Blaze ,       690,ps4,"['Apr 28, 2023']",77
690,Call of Duty: Infinite Warfare ,       691,ps4,"['Nov 4, 2016']",77
691,Super Mega Baseball 2 ,       692,ps4,"['May 1, 2018']",77
692,Lost Orbit ,       693,ps4,"['May 12, 2015']",77
693,Observer ,       694,ps4,"['Aug 15, 2017']",77
694,The Sexy Brutale ,       695,ps4,"['Apr 11, 2017']",77
695,Sniper Elite 4 ,       696,ps4,"['Feb 14, 2017']",77
696,Pocky & Rocky Reshrined ,       697,ps4,"['Jun 24, 2022']",77
697,Disney Classic Games: Aladdin and the Lion King ,       698,ps4,"['Oct 29, 2019']",77
698,NHL 20 ,       699,ps4,"['Sep 10, 2019']",77
699,Strider ,       700,ps4,"['Feb 18, 2014']",77
700,Ys Origin ,       701,ps4,"['May 30, 2017']",77
701,Resident Evil: Revelations 2 - Episode 3: Judgment ,       702,ps4,"['Mar 10, 2015']",77
702,Sleeping Dogs: Definitive Edition ,       703,ps4,"['Oct 14, 2014']",77
703,Remnant: From the Ashes ,       704,ps4,"['Aug 20, 2019']",77
704,Hitman - Intro Pack ,       705,ps4,"['Mar 11, 2016']",77
705,Headlander ,       706,ps4,"['Jul 26, 2016']",77
706,Toukiden 2 ,       707,ps4,"['Mar 21, 2017']",77
707,Batman: The Enemy Within - Episode 4: What Ails You ,       708,ps4,"['Jan 22, 2018']",77
708,Nioh 2: The Tengu's Disciple ,       709,ps4,"['Jul 30, 2020']",77
709,Hue ,       710,ps4,"['Aug 30, 2016']",77
710,Hotshot Racing ,       711,ps4,"['Sep 10, 2020']",77
711,Furi ,       712,ps4,"['Jul 5, 2016']",77
712,SaGa Frontier Remastered ,       713,ps4,"['Apr 15, 2021']",77
713,The Pathless ,       714,ps4,"['Nov 12, 2020']",77
714,GNOG ,       715,ps4,"['May 2, 2017']",77
715,Darksiders Genesis ,       716,ps4,"['Feb 14, 2020']",77
716,Warriors Orochi 3 Ultimate ,       717,ps4,"['Sep 2, 2014']",77
717,Aaero ,       718,ps4,"['Dec 12, 2017']",77
718,DG2: Defense Grid 2 ,       719,ps4,"['Sep 23, 2014']",77
719,Chants of Sennaar ,       720,ps4,"['Sep 5, 2023']",77
720,The Disney Afternoon Collection ,       721,ps4,"['Apr 18, 2017']",76
721,Tropico 5 ,       722,ps4,"['Apr 28, 2015']",76
722,Blasters of the Universe ,       723,ps4,"['Feb 27, 2018']",76
723,Kingdom Hearts HD 2.8 Final Chapter Prologue ,       724,ps4,"['Jan 24, 2017']",76
724,War Thunder ,       725,ps4,"['Jun 3, 2014']",76
725,Destiny ,       726,ps4,"['Sep 9, 2014']",76
726,WWE 2K19 ,       727,ps4,"['Oct 5, 2018']",76
727,Unto The End ,       728,ps4,"['Dec 9, 2020']",76
728,Bonkies ,       729,ps4,"['Jan 29, 2021']",76
729,BlazBlue: Cross Tag Battle ,       730,ps4,"['Jun 5, 2018']",76
730,MotoGP 19 ,       731,ps4,"['Jun 6, 2019']",76
731,Dragon Quest Heroes II ,       732,ps4,"['Apr 25, 2017']",76
732,Pode ,       733,ps4,"['Feb 19, 2019']",76
733,MotoGP 20 ,       734,ps4,"['Apr 23, 2020']",76
734,Trials of Mana ,       735,ps4,"['Apr 24, 2020']",76
735,Director's Cut ,       736,ps4,"['Jul 21, 2015']",76
736,Torment: Tides of Numenera ,       737,ps4,"['Feb 28, 2017']",76
737,DOOM Eternal: The Ancient Gods Part One ,   738,ps4,"['Oct 20, 2020']",76
738,Apotheon ,       739,ps4,"['Feb 3, 2015']",76
739,Cosmic Star Heroine ,       740,ps4,"['Apr 11, 2017']",76
740,PGA Tour 2K21 ,       741,ps4,"['Aug 21, 2020']",76
741,Ghostrunner ,       742,ps4,"['Oct 27, 2020']",76
742,Chariot ,       743,ps4,"['Sep 30, 2014']",76
743,2 ,       744,ps4,"['Mar 13, 2018']",76
744,2064: Read Only Memories ,       745,ps4,"['Jan 17, 2017']",76
745,Green Hell ,       746,ps4,"['Jun 9, 2021']",76
746,Tethered ,       747,ps4,"['Oct 25, 2016']",76
747,Chime Sharp ,       748,ps4,"['Feb 21, 2017']",76
748,Tropico 6 ,       749,ps4,"['Sep 27, 2019']",76
749,Sniper Elite VR ,       750,ps4,"['Jul 8, 2021']",76
750,10 Second Ninja X ,       751,ps4,"['Jul 19, 2016']",76
751,Cake Bash ,       752,ps4,"['Oct 15, 2020']",76
752,Trigger Witch ,       753,ps4,"['Jul 28, 2021']",76
753,Race the Sun ,       754,ps4,"['Oct 21, 2014']",76
754,Golf Club: Wasteland ,       755,ps4,"['Sep 3, 2021']",76
755,Story of Seasons: Pioneers of Olive Town ,       756,ps4,"['Jul 26, 2022']",76
756,Blazing Chrome ,       757,ps4,"['Jul 11, 2019']",76
757,SaGa Scarlet Grace: Ambitions ,       758,ps4,"['Dec 3, 2019']",76
758,Trover Saves the Universe ,       759,ps4,"['May 31, 2019']",76
759,Mutazione ,       760,ps4,"['Sep 19, 2019']",76
760,Noire ,       761,ps4,"['Nov 14, 2017']",76
761,Mafia: Definitive Edition ,       762,ps4,"['Sep 25, 2020']",76
762,Madden NFL 20 ,       763,ps4,"['Jul 30, 2019']",76
763,Werewolves Within ,       764,ps4,"['Dec 6, 2016']",76
764,Chaos;Child ,       765,ps4,"['Oct 17, 2017']",76
765,Call of Duty: Infinite Warfare - Sabotage ,       766,ps4,"['Jan 31, 2017']",76
766,Minoria ,       767,ps4,"['Sep 10, 2020']",76
767,The Elder Scrolls Online: Summerset ,       768,ps4,"['Jun 5, 2018']",76
768,Wulverblade ,       769,ps4,"['Jan 30, 2018']",76
769,Assassin's Creed Syndicate ,       770,ps4,"['Oct 23, 2015']",76
770,WindJammers ,       771,ps4,"['Aug 29, 2017']",76
771,Masquerada: Songs and Shadows ,       772,ps4,"['Aug 8, 2017']",76
772,Control: AWE ,       773,ps4,"['Aug 27, 2020']",76
773,Wolfenstein: The Old Blood ,       774,ps4,"['May 5, 2015']",76
774,Nioh: Dragon of the North ,       775,ps4,"['May 2, 2017']",76
775,Flinthook ,       776,ps4,"['Apr 14, 2017']",76
776,Momodora: Reverie Under the Moonlight ,       777,ps4,"['Mar 16, 2017']",76
777,Minutes ,       778,ps4,"['Feb 10, 2015']",76
778,The Golf Club 2 ,       779,ps4,"['Jun 27, 2017']",76
779,The Survivalists ,       780,ps4,"['Oct 9, 2020']",76
780,Pumpkin Jack ,       781,ps4,"['Feb 24, 2021']",76
781,LawBreakers ,       782,ps4,"['Aug 4, 2017']",76
782,Far Cry Primal ,       783,ps4,"['Feb 23, 2016']",76
783,The Evil Within 2 ,       784,ps4,"['Oct 13, 2017']",76
784,Mutant Year Zero: Road to Eden ,       785,ps4,"['Dec 4, 2018']",76
785,Borderlands: Game of the Year Edition ,       786,ps4,"['Apr 3, 2019']",76
786,Samurai Warriors 4 ,       787,ps4,"['Oct 21, 2014']",76
787,Shin Megami Tensei III: Nocturne HD Remaster ,       788,ps4,"['May 21, 2021']",76
788,Klaus ,       789,ps4,"['Jan 19, 2016']",76
789,New Super Lucky's Tale ,       790,ps4,"['Aug 21, 2020']",76
790,Heart&Slash ,       791,ps4,"['Jun 28, 2016']",76
791,Marvel's Spider-Man: The Heist ,       792,ps4,"['Oct 23, 2018']",76
792,Victor Vran: Overkill Edition ,       793,ps4,"['May 30, 2017']",76
793,The Flame in the Flood ,       794,ps4,"['Jan 17, 2017']",76
794,The Walking Dead: Michonne - Episode 3: What We Deserve ,       795,ps4,"['Apr 26, 2016']",76
795,JYDGE ,       796,ps4,"['Oct 3, 2017']",76
796,Evolve ,       797,ps4,"['Feb 10, 2015']",76
797,Battlestar Galactica Deadlock ,       798,ps4,"['Dec 8, 2017']",76
798,Call of Duty: Black Ops Cold War ,       799,ps4,"['Nov 13, 2020']",76
799,Full Throttle Remastered ,       800,ps4,"['Apr 18, 2017']",76
800,Mortal Shell ,       801,ps4,"['Aug 18, 2020']",76
801,The Magic Circle ,       802,ps4,"['Apr 26, 2016']",76
802,Utawarerumono: Prelude to the Fallen ,       803,ps4,"['May 26, 2020']",76
803,Firewatch ,       804,ps4,"['Feb 9, 2016']",76
804,Destiny 2: Beyond Light ,       805,ps4,"['Nov 10, 2020']",76
805,Last Recode ,       806,ps4,"['Nov 3, 2017']",76
806,The Wonderful 101: Remastered ,       807,ps4,"['May 19, 2020']",76
807,Watch Dogs: Bad Blood ,       808,ps4,"['Sep 30, 2014']",76
808,the World: The Game - Complete Edition ,       809,ps4,"['Jan 14, 2021']",75
809,The Mummy Demastered ,       810,ps4,"['Oct 24, 2017']",75
810,Infinite Minigolf ,       811,ps4,"['Jul 25, 2017']",75
811,The Escapists 2 ,       812,ps4,"['Aug 22, 2017']",75
812,Pure Pool ,       813,ps4,"['Jul 29, 2014']",75
813,Shadow of the Tomb Raider ,       814,ps4,"['Sep 12, 2018']",75
814,DOOM 64 ,       815,ps4,"['Mar 20, 2020']",75
815,Devil May Cry 4: Special Edition ,       816,ps4,"['Jun 23, 2015']",75
816,1 ,       817,ps4,"['Jan 31, 2017']",75
817,Strike Vector EX ,       818,ps4,"['Aug 30, 2016']",75
818,The Awesome Adventures of Captain Spirit ,       819,ps4,"['Jun 25, 2018']",75
819,SUPERHOT VR ,       820,ps4,"['Jul 21, 2017']",75
820,The Surge 2 ,       821,ps4,"['Sep 24, 2019']",75
821,The Legend of Nayuta: Boundless Trails ,       822,ps4,"['Sep 19, 2023']",75
822,Plants vs Zombies: Garden Warfare ,       823,ps4,"['Aug 19, 2014']",75
823,NHL 18 ,       824,ps4,"['Sep 15, 2017']",75
824,Resident Evil 7: biohazard - End of Zoe ,       825,ps4,"['Dec 12, 2017']",75
825,Unruly Heroes ,       826,ps4,"['May 28, 2019']",75
826,Saints Row IV: Re-Elected ,       827,ps4,"['Jan 20, 2015']",75
827,Just Dance 2018 ,       828,ps4,"['Oct 24, 2017']",75
828,Voice of Cards: The Forsaken Maiden ,       829,ps4,"['Feb 17, 2022']",75
829,EA Sports UFC 3 ,       830,ps4,"['Jan 30, 2018']",75
830,Earth Defense Force: World Brothers ,       831,ps4,"['May 27, 2021']",75
831,The Walking Dead: The Telltale Series - The Final Season Episode 1: Done Running ,   832,ps4,"['Aug 14, 2018']",75
832,Hohokum ,       833,ps4,"['Aug 12, 2014']",75
833,Sega Genesis Classics ,       834,ps4,"['May 29, 2018']",75
834,Descenders ,       835,ps4,"['Aug 25, 2020']",75
835,Killing Floor 2 ,       836,ps4,"['Nov 16, 2016']",75
836,Deus Ex: Mankind Divided - System Rift ,       837,ps4,"['Sep 27, 2016']",75
837,ETHER One ,       838,ps4,"['May 5, 2015']",75
838,The Golf Club 2019 featuring PGA Tour ,       839,ps4,"['Aug 28, 2018']",75
839,Remothered: Tormented Fathers ,       840,ps4,"['Jul 25, 2018']",75
840,Metal Gear Solid V: Ground Zeroes ,       841,ps4,"['Mar 18, 2014']",75
841,Deemo Reborn ,       842,ps4,"['Nov 21, 2019']",75
842,Hitman - Episode 3: Marrakesh ,       843,ps4,"['May 31, 2016']",75
843,Resident Evil: Revelations 2 - Episode 2: Contemplation ,       844,ps4,"['Mar 3, 2015']",75
844,One Piece: Pirate Warriors 4 ,       845,ps4,"['Mar 27, 2020']",75
845,Life is Strange 2: Episode 3 - Wastelands ,   846,ps4,"['May 9, 2019']",75
846,Ys: Memories of Celceta ,       847,ps4,"['Jun 9, 2020']",75
847,Atelier Ryza: Ever Darkness & the Secret Hideout ,       848,ps4,"['Oct 29, 2019']",75
848,Donut County ,       849,ps4,"['Aug 28, 2018']",75
849,Etherborn ,       850,ps4,"['Jul 18, 2019']",75
850,Battle Chasers: Nightwar ,       851,ps4,"['Oct 3, 2017']",75
851,Digimon Story Cyber Sleuth ,       852,ps4,"['Feb 2, 2016']",75
852,Tempest 4000 ,       853,ps4,"['Jul 17, 2018']",75
853,Atelier Mysterious Trilogy Deluxe Pack ,       854,ps4,"['Apr 22, 2021']",75
854,Amnesia: Rebirth ,       855,ps4,"['Oct 20, 2020']",75
855,The Long Dark ,       856,ps4,"['Aug 1, 2017']",75
856,Gran Turismo Sport ,       857,ps4,"['Oct 17, 2017']",75
857,Fallout 4: Far Harbor ,       858,ps4,"['May 19, 2016']",75
858,Beyond Blue ,       859,ps4,"['Jun 11, 2020']",75
859,Stikbold! A Dodgeball Adventure ,       860,ps4,"['Apr 5, 2016']",75
860,Bulletstorm: Full Clip Edition ,       861,ps4,"['Apr 7, 2017']",75
861,Atelier Sophie: The Alchemist of the Mysterious Book ,       862,ps4,"['Jun 7, 2016']",75
862,Life is Strange: Episode 1 - Chrysalis ,       863,ps4,"['Jan 30, 2015']",75
863,Graceful Explosion Machine ,       864,ps4,"['Aug 8, 2017']",75
864,ONRUSH ,       865,ps4,"['Jun 5, 2018']",75
865,The Council - Episode 4: Burning Bridges ,   866,ps4,"['Sep 25, 2018']",75
866,The Council - Episode 1: The Mad Ones ,       867,ps4,"['Mar 13, 2018']",75
867,Yupitergrad ,       868,ps4,"['Feb 25, 2021']",75
868,Last Day of June ,       869,ps4,"['Aug 31, 2017']",75
869,Fate/Extella Link ,       870,ps4,"['Mar 19, 2019']",75
870,Below ,       871,ps4,"['Apr 7, 2020']",75
871,Dragon Star Varnir ,       872,ps4,"['Jun 11, 2019']",75
872,Mortal Kombat 11: Aftermath ,   873,ps4,"['May 26, 2020']",75
873,Labyrinth of Refrain: Coven of Dusk ,       874,ps4,"['Sep 18, 2018']",75
874,Ken Follett's The Pillars of the Earth ,       875,ps4,"['Aug 15, 2017']",75
875,Utawarerumono: Mask of Truth ,       876,ps4,"['Sep 5, 2017']",75
876,Shantae and the Pirate's Curse ,       877,ps4,"['Apr 19, 2016']",75
877,Ittle Dew 2 ,       878,ps4,"['Nov 15, 2016']",75
878,The Room VR: A Dark Matter ,       879,ps4,"['Mar 26, 2020']",75
879,Stick it to the Man! ,       880,ps4,"['May 6, 2014']",75
880,Crossing Souls ,       881,ps4,"['Feb 13, 2018']",75
881,Patapon 2 Remastered ,       882,ps4,"['Jan 30, 2020']",75
882,The Evil Within ,       883,ps4,"['Oct 14, 2014']",75
883,The Elder Scrolls Online: Morrowind ,       884,ps4,"['Jun 6, 2017']",75
884,RIVE ,       885,ps4,"['Sep 13, 2016']",75
885,Resident Evil: Revelations 2 - Episode 1: Penal Colony ,       886,ps4,"['Feb 24, 2015']",75
886,Concrete Genie ,       887,ps4,"['Oct 8, 2019']",75
887,Persona Dancing: Endless Night Collection ,       888,ps4,"['Dec 4, 2018']",75
888,Valentino Rossi The Game ,       889,ps4,"['Aug 16, 2016']",75
889,Star Trek: Bridge Crew ,       890,ps4,"['May 30, 2017']",75
890,Attack on Titan 2 ,       891,ps4,"['Mar 20, 2018']",75
891,Voice of Cards: The Isle Dragon Roars ,       892,ps4,"['Oct 28, 2021']",75
892,Tokyo Xanadu eX+ ,       893,ps4,"['Dec 8, 2017']",75
893,Push Me Pull You ,       894,ps4,"['May 3, 2016']",75
894,Axiom Verge 2 ,       895,ps4,"['Aug 11, 2021']",75
895,Nobunaga's Ambition: Awakening ,       896,ps4,"['Jul 20, 2023']",75
896,Samurai Warriors 5 ,       897,ps4,"['Jul 27, 2021']",75
897,Need for Speed: Hot Pursuit Remastered ,       898,ps4,"['Nov 6, 2020']",75
898,Game of Thrones: Episode Six - The Ice Dragon ,       899,ps4,"['Nov 17, 2015']",75
899,The Ninja Saviors: Return of the Warriors ,       900,ps4,"['Oct 15, 2019']",75
900,My Time At Portia ,       901,ps4,"['Apr 16, 2019']",75
901,Carto ,       902,ps4,"['Oct 27, 2020']",75
902,Hotline Miami 2: Wrong Number ,       903,ps4,"['Mar 10, 2015']",75
903,The Walking Dead: The Telltale Series - The Final Season Episode 4: Take Us Back ,   904,ps4,"['Mar 26, 2019']",75
904,The Evil Within: The Consequence ,       905,ps4,"['Apr 21, 2015']",75
905,Marvel's Spider-Man: Silver Lining ,       906,ps4,"['Dec 21, 2018']",75
906,Shenmue I & II ,       907,ps4,"['Aug 21, 2018']",75
907,Unmechanical: Extended Edition ,       908,ps4,"['Feb 10, 2015']",75
908,Resident Evil: Revelations 2 - Episode 4: Metamorphosis ,       909,ps4,"['Mar 17, 2015']",75
909,Observation ,       910,ps4,"['May 21, 2019']",75
910,Attack on Titan 2: Final Battle ,       911,ps4,"['Jul 5, 2019']",75
911,Resident Evil: Revelations 2 ,       912,ps4,"['Mar 17, 2015']",75
912,Resident Evil: Revelations 2 ,       913,ps4,"['Mar 17, 2015']",75
913,Reus ,       914,ps4,"['Oct 11, 2016']",75
914,Ion Fury ,       915,ps4,"['May 14, 2020']",75
915,Mundaun ,       916,ps4,"['Mar 16, 2021']",75
916,Dead or Alive 5 Last Round ,       917,ps4,"['Feb 17, 2015']",74
917,Anomaly 2 ,       918,ps4,"['Sep 16, 2014']",74
918,Lara Croft and the Temple of Osiris ,       919,ps4,"['Dec 9, 2014']",74
919,Batman: Arkham VR ,       920,ps4,"['Oct 11, 2016']",74
920,Dead Nation ,       921,ps4,"['Mar 4, 2014']",74
921,Chrono Cross: The Radical Dreamers Edition ,       922,ps4,"['Apr 7, 2022']",74
922,Romancing SaGa 3 (Remaster) ,       923,ps4,"['Nov 11, 2019']",74
923,LEGO DC Super-Villains ,       924,ps4,"['Oct 16, 2018']",74
924,Call of Duty: Black Ops III - Eclipse ,       925,ps4,"['Apr 19, 2016']",74
925,Everybody's Golf VR ,       926,ps4,"['May 21, 2019']",74
926,Adventures of Pip ,       927,ps4,"['Aug 18, 2015']",74
927,Awesomenauts ,       928,ps4,"['Mar 4, 2014']",74
928,SuperHyperCube ,       929,ps4,"['Oct 10, 2016']",74
929,Castlevania Anniversary Collection ,       930,ps4,"['May 16, 2019']",74
930,CastleStorm ,       931,ps4,"['Sep 23, 2014']",74
931,Far Cry 4: Valley of the Yetis ,       932,ps4,"['Mar 10, 2015']",74
932,Rad ,       933,ps4,"['Aug 20, 2019']",74
933,Stealth Inc 2: A Game of Clones ,       934,ps4,"['Apr 7, 2015']",74
934,Sniper Elite III: Ultimate Edition ,       935,ps4,"['Mar 10, 2015']",74
935,Neverwinter ,       936,ps4,"['Jul 19, 2016']",74
936,Death end re;Quest 2 ,       937,ps4,"['Aug 25, 2020']",74
937,Masters of Anima ,       938,ps4,"['Apr 10, 2018']",74
938,Madden NFL 25 ,       939,ps4,"['Nov 12, 2013']",74
939,Omensight ,       940,ps4,"['May 15, 2018']",74
940,I Am Setsuna ,       941,ps4,"['Jul 19, 2016']",74
941,Not a Hero ,       942,ps4,"['Feb 2, 2016']",74
942,Nobunaga's Ambition: Sphere of Influence - Ascension ,       943,ps4,"['Oct 25, 2016']",74
943,Kingdom Hearts: Melody of Memory ,       944,ps4,"['Nov 13, 2020']",74
944,Ancestors Legacy ,       945,ps4,"['Aug 13, 2019']",74
945,Super Stardust Ultra ,       946,ps4,"['Feb 10, 2015']",74
946,Moving Out ,       947,ps4,"['Apr 28, 2020']",74
947,Saints Row: The Third Remastered ,       948,ps4,"['May 22, 2020']",74
948,Layers of Fear (2015) ,       949,ps4,"['Feb 16, 2016']",74
949,Atelier Lydie & Suelle: The Alchemists and the Mysterious Paintings ,       950,ps4,"['Mar 27, 2018']",74
950,Pinball FX 2: Star Wars Pinball - Rogue One ,   951,ps4,"['Jan 31, 2017']",74
951,ChromaGun ,       952,ps4,"['Aug 22, 2017']",74
952,Toukiden: Kiwami ,       953,ps4,"['Mar 31, 2015']",74
953,God Wars: Future Past ,       954,ps4,"['Jun 20, 2017']",74
954,One Piece: Pirate Warriors 3 ,       955,ps4,"['Aug 25, 2015']",74
955,Call of Duty: Black Ops III - Awakening ,       956,ps4,"['Feb 2, 2016']",74
956,Castlevania Requiem: Symphony of the Night & Rondo of Blood ,       957,ps4,"['Oct 26, 2018']",74
957,Lost Words: Beyond the Page ,       958,ps4,"['Apr 6, 2021']",74
958,Costume Quest 2 ,       959,ps4,"['Oct 28, 2014']",74
959,Dying Light ,       960,ps4,"['Jan 27, 2015']",74
960,Grow Home ,       961,ps4,"['Sep 1, 2015']",74
961,Samurai Warriors: Spirit of Sanada ,       962,ps4,"['May 23, 2017']",74
962,Lapis x Labyrinth ,       963,ps4,"['May 28, 2019']",74
963,Journey to the Savage Planet ,       964,ps4,"['Jan 28, 2020']",74
964,Chroma Squad ,       965,ps4,"['May 19, 2017']",74
965,Sky Force Reloaded ,       966,ps4,"['Nov 28, 2017']",74
966,Amplitude ,       967,ps4,"['Jan 5, 2016']",74
967,The Dark Pictures Anthology: House of Ashes ,       968,ps4,"['Oct 22, 2021']",74
968,Pathfinder: Kingmaker - Definitive Edition ,       969,ps4,"['Aug 18, 2020']",74
969,Wild Guns Reloaded ,       970,ps4,"['Dec 20, 2016']",74
970,Mega Man Battle Network Legacy Collection ,       971,ps4,"['Apr 14, 2023']",74
971,TT Isle of Man: Ride On The Edge 2 ,       972,ps4,"['Mar 19, 2020']",74
972,RIDE 4 ,       973,ps4,"['Oct 5, 2020']",74
973,Attack on Titan ,       974,ps4,"['Aug 30, 2016']",74
974,198X ,       975,ps4,"['Jul 16, 2019']",74
975,Slipstream ,       976,ps4,"['Apr 7, 2022']",74
976,WindJammers 2 ,       977,ps4,"['Jan 20, 2022']",74
977,Atelier Firis: The Alchemist and the Mysterious Journey ,       978,ps4,"['Mar 7, 2017']",74
978,Contra Anniversary Collection ,       979,ps4,"['Jun 11, 2019']",74
979,Batman: The Telltale Series - Episode 3: New World Order ,       980,ps4,"['Oct 25, 2016']",74
980,Darius Cozmic Collection: Arcade ,       981,ps4,"['Jun 16, 2020']",74
981,Sonic Colors: Ultimate ,       982,ps4,"['Sep 7, 2021']",74
982,Shantae: Risky's Revenge ,       983,ps4,"['Jun 23, 2015']",74
983,Neverending Nightmares ,       984,ps4,"['May 3, 2016']",74
984,Sparc ,       985,ps4,"['Aug 29, 2017']",74
985,Tom Clancy's The Division 2: Warlords of New York ,       986,ps4,"['Mar 3, 2020']",74
986,Project Warlock ,       987,ps4,"['Jun 9, 2020']",74
987,The Swords of Ditto ,       988,ps4,"['Apr 24, 2018']",74
988,The Elder Scrolls Online: Tamriel Unlimited ,       989,ps4,"['Jun 9, 2015']",74
989,Hot Wheels Unleashed ,       990,ps4,"['Sep 30, 2021']",74
990,Armello ,       991,ps4,"['Sep 1, 2015']",74
991,Cat Quest ,       992,ps4,"['Nov 14, 2017']",74
992,The Elder Scrolls Online: Elsweyr ,       993,ps4,"['Jun 4, 2019']",74
993,SNK 40th Anniversary Collection ,       994,ps4,"['Mar 19, 2019']",74
994,The Council ,       995,ps4,"['Mar 13, 2018']",74
995,Batman: The Telltale Series - Episode 4: Guardian of Gotham ,       996,ps4,"['Nov 22, 2016']",73
996,Sherlock Holmes: Crimes & Punishments ,       997,ps4,"['Sep 30, 2014']",73
997,NBA Live 19 ,       998,ps4,"['Sep 7, 2018']",73
998,Killzone: Shadow Fall ,       999,ps4,"['Nov 15, 2013']",73
999,Battlefield Hardline ,"       1,000",ps4,"['Mar 17, 2015']",73
1000,Just Dance 2017 ,"       1,001",ps4,"['Oct 25, 2016']",73
1001,Battlefield V ,"       1,002",ps4,"['Nov 15, 2018']",73
1002,Phantom Doctrine ,"       1,003",ps4,"['Aug 14, 2018']",73
1003,Assassin's Creed Origins: The Hidden Ones ,"       1,004",ps4,"['Jan 23, 2018']",73
1004,Just Dance 2016 ,"       1,005",ps4,"['Oct 20, 2015']",73
1005,Crysis Remastered Trilogy ,"       1,006",ps4,"['Oct 15, 2021']",73
1006,Life is Strange 2: Episode 2 - Rules ,"   1,007",ps4,"['Jan 24, 2019']",73
1007,Pure Hold 'Em ,"       1,008",ps4,"['Aug 18, 2015']",73
1008,Call of Duty: WWII - The War Machine ,"       1,009",ps4,"['Apr 10, 2018']",73
1009,Onimusha: Warlords ,"       1,010",ps4,"['Jan 15, 2019']",73
1010,Amnesia: The Bunker ,"       1,011",ps4,"['Jun 6, 2023']",73
1011,Lumo ,"       1,012",ps4,"['May 24, 2016']",73
1012,R-Type Final 2 ,"       1,013",ps4,"['Apr 30, 2021']",73
1013,Cricket 19 ,"       1,014",ps4,"['May 29, 2019']",73
1014,Escape Plan (2012) ,"       1,015",ps4,"['Dec 3, 2013']",73
1015,Titan Souls ,"       1,016",ps4,"['Apr 14, 2015']",73
1016,Shio ,"       1,017",ps4,"['May 22, 2018']",73
1017,Persona 3: Dancing in Moonlight ,"       1,018",ps4,"['Dec 4, 2018']",73
1018,Weird West ,"       1,019",ps4,"['Mar 31, 2022']",73
1019,Ashes Cricket ,"       1,020",ps4,"['Nov 16, 2017']",73
1020,World to the West ,"       1,021",ps4,"['May 5, 2017']",73
1021,The Swindle ,"       1,022",ps4,"['Jul 28, 2015']",73
1022,Action Henk ,"       1,023",ps4,"['Mar 8, 2016']",73
1023,Batman: Return to Arkham ,"       1,024",ps4,"['Oct 18, 2016']",73
1024,Never Alone (2014) ,"       1,025",ps4,"['Nov 18, 2014']",73
1025,GRID ,"       1,026",ps4,"['Oct 11, 2019']",73
1026,Just Cause 3 ,"       1,027",ps4,"['Dec 1, 2015']",73
1027,The Crew: Wild Run ,"       1,028",ps4,"['Nov 17, 2015']",73
1028,MotoGP 14 ,"       1,029",ps4,"['Nov 4, 2014']",73
1029,Futuridium EP ,"       1,030",ps4,"['Sep 30, 2014']",73
1030,Stories: The Path of Destinies ,"       1,031",ps4,"['Apr 12, 2016']",73
1031,Mages of Mystralia ,"       1,032",ps4,"['Aug 22, 2017']",73
1032,Mages of Mystralia ,"       1,033",ps4,"['Aug 22, 2017']",73
1033,Vaporum ,"       1,034",ps4,"['Apr 9, 2019']",73
1034,Strange Brigade ,"       1,035",ps4,"['Aug 28, 2018']",73
1035,Destiny 2: Shadowkeep ,"       1,036",ps4,"['Oct 1, 2019']",73
1036,Surviving Mars ,"       1,037",ps4,"['Mar 15, 2018']",73
1037,LEGO Batman 3: Beyond Gotham ,"       1,038",ps4,"['Nov 11, 2014']",73
1038,LEGO Marvel Super Heroes 2 ,"       1,039",ps4,"['Nov 14, 2017']",73
1039,NBA 2K Playgrounds 2 ,"       1,040",ps4,"['Oct 16, 2018']",73
1040,Game of Thrones: Episode Four - Sons of Winter ,"       1,041",ps4,"['May 26, 2015']",73
1041,Eagle Flight ,"       1,042",ps4,"['Nov 8, 2016']",73
1042,Demon Gaze II ,"       1,043",ps4,"['Nov 14, 2017']",73
1043,WWE 2K16 ,"       1,044",ps4,"['Oct 27, 2015']",73
1044,Aven Colony ,"       1,045",ps4,"['Jul 25, 2017']",73
1045,Samurai Warriors 4-II ,"       1,046",ps4,"['Sep 29, 2015']",73
1046,Warhammer: End Times - Vermintide ,"       1,047",ps4,"['Oct 4, 2016']",73
1047,The Surge ,"       1,048",ps4,"['May 16, 2017']",73
1048,eFootball PES 2021 ,"       1,049",ps4,"['Sep 15, 2020']",73
1049,Assetto Corsa ,"       1,050",ps4,"['Aug 30, 2016']",73
1050,Yesterday Origins ,"       1,051",ps4,"['Nov 17, 2016']",73
1051,Star Ocean: First Departure R ,"       1,052",ps4,"['Dec 5, 2019']",73
1052,Marvel's Iron Man VR ,"       1,053",ps4,"['Jul 3, 2020']",73
1053,Dragon Ball Z: Kakarot ,"       1,054",ps4,"['Jan 17, 2020']",73
1054,Raiden V ,"       1,055",ps4,"['Oct 10, 2017']",73
1055,Nidhogg 2 ,"       1,056",ps4,"['Sep 15, 2017']",73
1056,ClaDun Returns: This is Sengoku! ,"       1,057",ps4,"['Jun 6, 2017']",73
1057,inFamous: First Light ,"       1,058",ps4,"['Aug 26, 2014']",73
1058,Arcade Spirits ,"       1,059",ps4,"['May 1, 2020']",73
1059,LEGO Harry Potter Collection ,"       1,060",ps4,"['Oct 18, 2016']",73
1060,Creed: Rise to Glory ,"       1,061",ps4,"['Sep 25, 2018']",73
1061,Immortal Redneck ,"       1,062",ps4,"['Feb 27, 2018']",73
1062,Ninja Gaiden: Master Collection ,"       1,063",ps4,"['Jun 10, 2021']",73
1063,Star Wars Battlefront ,"       1,064",ps4,"['Nov 17, 2015']",73
1064,Wizard of Legend ,"       1,065",ps4,"['May 15, 2018']",73
1065,Sakura Wars ,"       1,066",ps4,"['Apr 28, 2020']",73
1066,Digimon Story Cyber Sleuth: Hacker's Memory ,"       1,067",ps4,"['Jan 19, 2018']",73
1067,Tom Clancy's Rainbow Six Siege ,"       1,068",ps4,"['Dec 1, 2015']",73
1068,Heroland ,"       1,069",ps4,"['Dec 3, 2019']",73
1069,The Elder Scrolls Online: Greymoor ,"       1,070",ps4,"['Jun 9, 2020']",73
1070,TOHU ,"       1,071",ps4,"['Jan 28, 2021']",73
1071,Styx: Shards of Darkness ,"       1,072",ps4,"['Mar 14, 2017']",72
1072,Sparklite ,"       1,073",ps4,"['Nov 14, 2019']",72
1073,Persona 5: Dancing in Starlight ,"       1,074",ps4,"['Dec 4, 2018']",72
1074,Headmaster ,"       1,075",ps4,"['Oct 13, 2016']",72
1075,Destiny: House of Wolves ,"       1,076",ps4,"['May 19, 2015']",72
1076,Beyond: Two Souls ,"       1,077",ps4,"['Nov 24, 2015']",72
1077,NHL 21 ,"       1,078",ps4,"['Oct 13, 2020']",72
1078,Broken Sword 5: The Serpent's Curse ,"       1,079",ps4,"['Sep 8, 2015']",72
1079,Hatoful Boyfriend ,"       1,080",ps4,"['Jul 21, 2015']",72
1080,Tricky Towers ,"       1,081",ps4,"['Aug 2, 2016']",72
1081,Zombie Army 4: Dead War ,"       1,082",ps4,"['Feb 4, 2020']",72
1082,Final Fantasy Type-0 ,"       1,083",ps4,"['Mar 17, 2015']",72
1083,Legend of Mana Remastered ,"       1,084",ps4,"['Jun 24, 2021']",72
1084,CastleStorm: Virtual Reality ,"       1,085",ps4,"['Aug 1, 2017']",72
1085,Yomawari: Lost in the Dark ,"       1,086",ps4,"['Oct 25, 2022']",72
1086,Monster Energy Supercross - The Official Videogame 2 ,"       1,087",ps4,"['Feb 5, 2019']",72
1087,Wayward Sky ,"       1,088",ps4,"['Oct 10, 2016']",72
1088,Disney/Pixar Cars 3: Driven to Win ,"       1,089",ps4,"['Jun 13, 2017']",72
1089,Tales of Zestiria ,"       1,090",ps4,"['Oct 20, 2015']",72
1090,The Blackout Club ,"       1,091",ps4,"['Jul 30, 2019']",72
1091,Team Sonic Racing ,"       1,092",ps4,"['May 21, 2019']",72
1092,Just Dance 2015 ,"       1,093",ps4,"['Oct 21, 2014']",72
1093,88 Heroes ,"       1,094",ps4,"['Mar 24, 2017']",72
1094,Senko no Ronde 2 ,"       1,095",ps4,"['Sep 7, 2017']",72
1095,Killzone: Shadow Fall - Intercept ,"       1,096",ps4,"['Jun 24, 2014']",72
1096,Shadows: Awakening ,"       1,097",ps4,"['Sep 4, 2018']",72
1097,Need for Speed Heat ,"       1,098",ps4,"['Nov 8, 2019']",72
1098,Matterfall ,"       1,099",ps4,"['Aug 15, 2017']",72
1099,Assassin's Creed III Remastered ,"       1,100",ps4,"['Mar 29, 2019']",72
1100,GreedFall ,"       1,101",ps4,"['Sep 10, 2019']",72
1101,Dark Devotion ,"       1,102",ps4,"['Oct 24, 2019']",72
1102,NBA Live 18 ,"       1,103",ps4,"['Sep 15, 2017']",72
1103,The Adventure Pals ,"       1,104",ps4,"['Apr 3, 2018']",72
1104,Let It Die ,"       1,105",ps4,"['Dec 3, 2016']",72
1105,Kingdoms of Amalur: Re-Reckoning ,"       1,106",ps4,"['Sep 8, 2020']",72
1106,Assassin's Creed: The Ezio Collection ,"       1,107",ps4,"['Nov 15, 2016']",72
1107,PixelJunk Monsters 2 ,"       1,108",ps4,"['May 18, 2018']",72
1108,Phoenix Point: Behemoth Edition ,"       1,109",ps4,"['Oct 1, 2021']",72
1109,Dragon Ball: Xenoverse 2 ,"       1,110",ps4,"['Oct 25, 2016']",72
1110,FIFA 21 ,"       1,111",ps4,"['Oct 6, 2020']",72
1111,Jotun ,"       1,112",ps4,"['Sep 9, 2016']",72
1112,Alone With You (2017) ,"       1,113",ps4,"['Aug 23, 2016']",72
1113,LEGO The Hobbit ,"       1,114",ps4,"['Apr 8, 2014']",72
1114,UEFA EURO 2016 ,"       1,115",ps4,"['Apr 21, 2016']",72
1115,Psycho-Pass: Mandatory Happiness ,"       1,116",ps4,"['Sep 13, 2016']",72
1116,Minecraft: Story Mode - Episode 5: Order Up! ,"       1,117",ps4,"['Mar 29, 2016']",72
1117,Tiny Trax ,"       1,118",ps4,"['Jul 25, 2017']",72
1118,Just Cause 3: Sky Fortress ,"       1,119",ps4,"['Mar 15, 2016']",72
1119,The Raven Remastered ,"       1,120",ps4,"['Mar 13, 2018']",72
1120,Apex Construct ,"       1,121",ps4,"['Feb 20, 2018']",72
1121,Valley ,"       1,122",ps4,"['Aug 23, 2016']",72
1122,Marvel's Guardians of the Galaxy - Episode 1: Tangled Up in Blue ,"   1,123",ps4,"['Apr 18, 2017']",72
1123,Spellbreak ,"       1,124",ps4,"['Sep 3, 2020']",72
1124,Patapon ,"       1,125",ps4,"['Aug 1, 2017']",72
1125,Destiny: Rise of Iron ,"       1,126",ps4,"['Sep 20, 2016']",72
1126,Blood Bowl 2 ,"       1,127",ps4,"['Sep 22, 2015']",72
1127,Semispheres ,"       1,128",ps4,"['Feb 14, 2017']",72
1128,Marvel's Guardians of the Galaxy - Episode 5: Don't Stop Believin' ,"   1,129",ps4,"['Nov 7, 2017']",72
1129,Warriors Orochi 4 ,"       1,130",ps4,"['Oct 16, 2018']",72
1130,They Are Billions ,"       1,131",ps4,"['Jul 9, 2019']",72
1131,Disc Jam ,"       1,132",ps4,"['Mar 7, 2017']",72
1132,Borderlands 2 VR ,"       1,133",ps4,"['Dec 14, 2018']",72
1133,Fist of the North Star: Lost Paradise ,"       1,134",ps4,"['Oct 2, 2018']",72
1134,Pac-Man Museum+ ,"       1,135",ps4,"['May 27, 2022']",72
1135,Megaton Rainfall ,"       1,136",ps4,"['Oct 17, 2017']",72
1136,Serial Cleaner ,"       1,137",ps4,"['Jul 11, 2017']",72
1137,Rogue Aces ,"       1,138",ps4,"['Apr 12, 2018']",72
1138,Until Dawn: Rush of Blood ,"       1,139",ps4,"['Oct 10, 2016']",72
1139,Earth Defense Force 5 ,"       1,140",ps4,"['Dec 11, 2018']",72
1140,Minecraft: Story Mode - Episode 4: A Block and a Hard Place ,"       1,141",ps4,"['Dec 22, 2015']",72
1141,Star Ocean: The Last Hope - 4K & Full HD Remaster ,"       1,142",ps4,"['Nov 28, 2017']",72
1142,Outriders ,"       1,143",ps4,"['Apr 1, 2021']",72
1143,Dead or Alive 6 ,"       1,144",ps4,"['Mar 1, 2019']",72
1144,The Deadly Tower of Monsters ,"       1,145",ps4,"['Jan 19, 2016']",72
1145,Republique Remastered ,"       1,146",ps4,"['Mar 22, 2016']",72
1146,Darksiders II: Deathinitive Edition ,"       1,147",ps4,"['Oct 30, 2015']",72
1147,Assassin's Creed Syndicate: Jack the Ripper ,"       1,148",ps4,"['Dec 15, 2015']",72
1148,El Hijo - A Wild West Tale ,"       1,149",ps4,"['Mar 25, 2021']",72
1149,Shadow Warrior 2 ,"       1,150",ps4,"['May 19, 2017']",72
1150,Magicka 2 ,"       1,151",ps4,"['May 26, 2015']",72
1151,Shape of the World ,"       1,152",ps4,"['Jun 5, 2018']",72
1152,PlayerUnknown's Battlegrounds ,"       1,153",ps4,"['Dec 7, 2018']",72
1153,Magicka 2 ,"       1,154",ps4,"['May 26, 2015']",72
1154,Capcom: Infinite ,"       1,155",ps4,"['Sep 19, 2017']",72
1155,MouseCraft ,"       1,156",ps4,"['Jul 8, 2014']",72
1156,Zanki Zero: Last Beginning ,"       1,157",ps4,"['Apr 9, 2019']",72
1157,Dead Rising 4: Frank's Big Package ,"       1,158",ps4,"['Dec 5, 2017']",72
1158,Death's Gambit ,"       1,159",ps4,"['Aug 14, 2018']",72
1159,Wattam ,"       1,160",ps4,"['Dec 17, 2019']",72
1160,Kitty Powers' Matchmaker ,"       1,161",ps4,"['Feb 7, 2017']",72
1161,Tembo the Badass Elephant ,"       1,162",ps4,"['Jul 21, 2015']",72
1162,Metal Gear Solid V: Metal Gear Online ,"       1,163",ps4,"['Oct 6, 2015']",72
1163,Mugsters ,"       1,164",ps4,"['Jul 17, 2018']",72
1164,Mordheim: City of the Damned ,"       1,165",ps4,"['Oct 18, 2016']",72
1165,Metal Max Xeno Reborn ,"       1,166",ps4,"['Jun 10, 2022']",72
1166,Capcom Beat 'Em Up Bundle ,"       1,167",ps4,"['Sep 18, 2018']",71
1167,Brigandine: The Legend of Runersia ,"       1,168",ps4,"['Dec 10, 2020']",71
1168,Assassin's Creed IV: Black Flag - Freedom Cry ,"       1,169",ps4,"['Dec 18, 2013']",71
1169,World of Final Fantasy Maxima ,"       1,170",ps4,"['Nov 6, 2018']",71
1170,Bound (2016) ,"       1,171",ps4,"['Aug 16, 2016']",71
1171,Steep ,"       1,172",ps4,"['Nov 29, 2016']",71
1172,God's Trigger ,"       1,173",ps4,"['Apr 18, 2019']",71
1173,Job Simulator ,"       1,174",ps4,"['Oct 13, 2016']",71
1174,Payday 2 ,"       1,175",ps4,"['Jun 16, 2015']",71
1175,The Dark Pictures Anthology: Little Hope ,"       1,176",ps4,"['Oct 30, 2020']",71
1176,RIDE 3 ,"       1,177",ps4,"['Nov 30, 2018']",71
1177,Penarium ,"       1,178",ps4,"['Sep 22, 2015']",71
1178,Deponia ,"       1,179",ps4,"['Dec 1, 2016']",71
1179,Yu-Gi-Oh! Legacy of the Duelist: Link Evolution ,"       1,180",ps4,"['Mar 24, 2020']",71
1180,Mega Man Legacy Collection 2 ,"       1,181",ps4,"['Aug 8, 2017']",71
1181,Call of Duty: WWII - The Resistance ,"       1,182",ps4,"['Jan 30, 2018']",71
1182,Loot Rascals ,"       1,183",ps4,"['Mar 7, 2017']",71
1183,Zone of the Enders: The 2nd Runner MARS ,"       1,184",ps4,"['Sep 4, 2018']",71
1184,Megadimension Neptunia VII ,"       1,185",ps4,"['Feb 2, 2016']",71
1185,Disney Infinity 2.0 Edition ,"       1,186",ps4,"['Sep 23, 2014']",71
1186,DOOM VFR ,"       1,187",ps4,"['Dec 1, 2017']",71
1187,Wonder Boy Collection ,"       1,188",ps4,"['Jun 3, 2022']",71
1188,Blackwood Crossing ,"       1,189",ps4,"['Apr 4, 2017']",71
1189,9 Monkeys of Shaolin ,"       1,190",ps4,"['Oct 16, 2020']",71
1190,Far Cry New Dawn ,"       1,191",ps4,"['Feb 15, 2019']",71
1191,Days Gone ,"       1,192",ps4,"['Apr 26, 2019']",71
1192,Nioh 2: The First Samurai ,"       1,193",ps4,"['Dec 17, 2020']",71
1193,Hitman - Episode 4: Bangkok ,"       1,194",ps4,"['Aug 16, 2016']",71
1194,Kona ,"       1,195",ps4,"['Mar 23, 2017']",71
1195,Leisure Suit Larry: Wet Dreams Don't Dry ,"       1,196",ps4,"['Jun 19, 2019']",71
1196,Runbow ,"       1,197",ps4,"['Jul 3, 2018']",71
1197,The Escapists ,"       1,198",ps4,"['Jun 2, 2015']",71
1198,Fenix Furia ,"       1,199",ps4,"['Jun 7, 2016']",71
1199,Mantis Burn Racing ,"       1,200",ps4,"['Oct 12, 2016']",71
1200,LEGO Marvel's Avengers ,"       1,201",ps4,"['Jan 26, 2016']",71
1201,Death end re;Quest ,"       1,202",ps4,"['Feb 19, 2019']",71
1202,Ultra Street Fighter IV ,"       1,203",ps4,"['May 26, 2015']",71
1203,Fairy Tail ,"       1,204",ps4,"['Jul 31, 2020']",71
1204,Aragami ,"       1,205",ps4,"['Oct 4, 2016']",71
1205,GRIP: Combat Racing ,"       1,206",ps4,"['Nov 6, 2018']",71
1206,Farpoint ,"       1,207",ps4,"['May 16, 2017']",71
1207,Tachyon Project ,"       1,208",ps4,"['Jan 19, 2016']",71
1208,Resident Evil 7: biohazard - Not a Hero ,"       1,209",ps4,"['Dec 12, 2017']",71
1209,Romancing SaGa 2 ,"       1,210",ps4,"['Dec 15, 2017']",71
1210,Melbits World ,"       1,211",ps4,"['Feb 5, 2019']",71
1211,Get Even ,"       1,212",ps4,"['Jun 23, 2017']",71
1212,God Eater 3 ,"       1,213",ps4,"['Feb 8, 2019']",71
1213,Driveclub ,"       1,214",ps4,"['Oct 7, 2014']",71
1214,Sebastien Loeb Rally Evo ,"       1,215",ps4,"['Mar 22, 2016']",71
1215,Transference ,"       1,216",ps4,"['Sep 18, 2018']",71
1216,Cyberdimension Neptunia: 4 Goddesses Online ,"       1,217",ps4,"['Oct 10, 2017']",71
1217,Dark Souls III: Ashes of Ariandel ,"       1,218",ps4,"['Oct 25, 2016']",71
1218,Uno (2016) ,"       1,219",ps4,"['Aug 16, 2016']",71
1219,Assassin's Creed Rogue Remastered ,"       1,220",ps4,"['Mar 20, 2018']",71
1220,Tesla vs Lovecraft ,"       1,221",ps4,"['Mar 13, 2018']",71
1221,Cozy Grove ,"       1,222",ps4,"['Apr 8, 2021']",71
1222,Call of Duty: Modern Warfare 2 Campaign Remastered ,"       1,223",ps4,"['Mar 31, 2020']",71
1223,Portal Knights ,"       1,224",ps4,"['May 23, 2017']",71
1224,The Hong Kong Massacre ,"       1,225",ps4,"['Jan 29, 2019']",71
1225,Assetto Corsa Competizione ,"       1,226",ps4,"['Jun 23, 2020']",71
1226,Sublevel Zero Redux ,"       1,227",ps4,"['Mar 7, 2017']",71
1227,Relicta ,"       1,228",ps4,"['Aug 3, 2020']",71
1228,EVE: Valkyrie ,"       1,229",ps4,"['Oct 13, 2016']",71
1229,Bendy and the Ink Machine ,"       1,230",ps4,"['Nov 20, 2018']",71
1230,Volume ,"       1,231",ps4,"['Aug 18, 2015']",71
1231,ZombiU ,"       1,232",ps4,"['Aug 18, 2015']",71
1232,Shantae and the Seven Sirens ,"       1,233",ps4,"['May 28, 2020']",71
1233,The Fall Part 2: Unbound ,"       1,234",ps4,"['Feb 13, 2018']",71
1234,The Sojourn ,"       1,235",ps4,"['Sep 20, 2019']",71
1235,Cold Iron ,"       1,236",ps4,"['Jan 30, 2018']",71
1236,Ruiner ,"       1,237",ps4,"['Sep 26, 2017']",71
1237,8-Bit Adventure Anthology: Volume 1 ,"       1,238",ps4,"['Oct 31, 2017']",71
1238,Samurai Warriors 4 Empires ,"       1,239",ps4,"['Mar 15, 2016']",71
1239,Riptide GP: Renegade ,"       1,240",ps4,"['Jul 26, 2016']",71
1240,Xuan-Yuan Sword 7 ,"       1,241",ps4,"['Sep 30, 2021']",71
1241,The LEGO Movie Videogame ,"       1,242",ps4,"['Feb 7, 2014']",71
1242,Chambara ,"       1,243",ps4,"['Jul 26, 2016']",71
1243,Beyond A Steel Sky ,"       1,244",ps4,"['Dec 14, 2021']",71
1244,Doki-Doki Universe ,"       1,245",ps4,"['Dec 10, 2013']",71
1245,Psychonauts in The Rhombus of Ruin ,"       1,246",ps4,"['Feb 21, 2017']",71
1246,Mass Effect: Andromeda ,"       1,247",ps4,"['Mar 21, 2017']",71
1247,Heaven's Vault ,"       1,248",ps4,"['Apr 16, 2019']",71
1248,The Walking Dead: The Telltale Series - The Final Season Episode 2: Suffer the Children ,"   1,249",ps4,"['Sep 25, 2018']",71
1249,flOw ,"       1,250",ps4,"['Dec 17, 2013']",71
1250,No Man's Sky ,"       1,251",ps4,"['Aug 9, 2016']",71
1251,Megadimension Neptunia VIIR ,"       1,252",ps4,"['May 8, 2018']",71
1252,Amazing Discoveries In Outer Space ,"       1,253",ps4,"['Feb 2, 2016']",71
1253,Fracked ,"       1,254",ps4,"['Aug 20, 2021']",71
1254,Summon Night 6: Lost Borders ,"       1,255",ps4,"['Oct 10, 2017']",71
1255,Squishies ,"       1,256",ps4,"['Nov 20, 2018']",71
1256,Gauntlet (2014) ,"       1,257",ps4,"['Aug 11, 2015']",71
1257,Minecraft: Story Mode - Episode 1: The Order of the Stone ,"       1,258",ps4,"['Oct 13, 2015']",71
1258,Fairy Fencer F: Advent Dark Force ,"       1,259",ps4,"['Jul 26, 2016']",71
1259,Knowledge is Power ,"       1,260",ps4,"['Oct 24, 2017']",71
1260,Sherlock Holmes: The Devil's Daughter ,"       1,261",ps4,"['Oct 25, 2016']",71
1261,Songbringer ,"       1,262",ps4,"['Sep 5, 2017']",71
1262,BUTCHER ,"       1,263",ps4,"['May 9, 2017']",71
1263,ActRaiser Renaissance ,"       1,264",ps4,"['Sep 23, 2021']",71
1264,Afterparty ,"       1,265",ps4,"['Oct 29, 2019']",70
1265,Batman: The Enemy Within - Episode 1: The Enigma ,"       1,266",ps4,"['Aug 8, 2017']",70
1266,Sheltered ,"       1,267",ps4,"['Mar 15, 2016']",70
1267,Lost Ember ,"       1,268",ps4,"['Nov 22, 2019']",70
1268,Nom Nom Galaxy ,"       1,269",ps4,"['May 12, 2015']",70
1269,Deadlight: Director's Cut ,"       1,270",ps4,"['Jun 21, 2016']",70
1270,Sundered ,"       1,271",ps4,"['Jul 28, 2017']",70
1271,Resident Evil: Revelations ,"       1,272",ps4,"['Aug 29, 2017']",70
1272,Resident Evil: Revelations ,"       1,273",ps4,"['Aug 29, 2017']",70
1273,Styx: Master of Shadows ,"       1,274",ps4,"['Oct 7, 2014']",70
1274,Starlink: Battle for Atlas ,"       1,275",ps4,"['Oct 16, 2018']",70
1275,God Eater Resurrection ,"       1,276",ps4,"['Jun 29, 2016']",70
1276,Senran Kagura: Peach Beach Splash ,"       1,277",ps4,"['Sep 26, 2017']",70
1277,The Walking Dead: Michonne - Episode 1: In Too Deep ,"       1,278",ps4,"['Feb 23, 2016']",70
1278,Code Vein ,"       1,279",ps4,"['Sep 27, 2019']",70
1279,Obliteracers ,"       1,280",ps4,"['Jul 20, 2016']",70
1280,Cotton Reboot! ,"       1,281",ps4,"['Jul 20, 2021']",70
1281,Demon Slayer: Kimetsu no Yaiba - The Hinokami Chronicles ,"       1,282",ps4,"['Oct 15, 2021']",70
1282,Turrican Flashback Collection ,"       1,283",ps4,"['Jan 19, 2021']",70
1283,Degrees of Separation ,"       1,284",ps4,"['Feb 14, 2019']",70
1284,Hitman - Episode 5: Colorado ,"       1,285",ps4,"['Sep 27, 2016']",70
1285,Marvel's Spider-Man: Turf Wars ,"       1,286",ps4,"['Nov 20, 2018']",70
1286,A Fisherman's Tale ,"       1,287",ps4,"['Jan 22, 2019']",70
1287,NASCAR Heat 4 ,"       1,288",ps4,"['Sep 10, 2019']",70
1288,Fe ,"       1,289",ps4,"['Feb 16, 2018']",70
1289,LEGO Jurassic World ,"       1,290",ps4,"['Jun 9, 2015']",70
1290,Nobunaga's Ambition: Taishi ,"       1,291",ps4,"['Jun 5, 2018']",70
1291,Regalia: Of Men and Monarchs - Royal Edition ,"       1,292",ps4,"['Apr 10, 2018']",70
1292,No Straight Roads ,"       1,293",ps4,"['Aug 25, 2020']",70
1293,Rick and Morty: Virtual Rick-ality ,"       1,294",ps4,"['Apr 10, 2018']",70
1294,Road Not Taken ,"       1,295",ps4,"['Aug 5, 2014']",70
1295,Ancestors: The Humankind Odyssey ,"       1,296",ps4,"['Dec 6, 2019']",70
1296,Road Not Taken ,"       1,297",ps4,"['Aug 5, 2014']",70
1297,Disjunction ,"       1,298",ps4,"['Jan 28, 2021']",70
1298,Root Film ,"       1,299",ps4,"['Mar 19, 2021']",70
1299,Radical Rabbit Stew ,"       1,300",ps4,"['Jul 16, 2020']",70
1300,Steep: Road to the Olympics ,"   1,301",ps4,"['Dec 5, 2017']",70
1301,Tom Clancy's Ghost Recon: Wildlands ,"       1,302",ps4,"['Mar 7, 2017']",70
1302,Arca's Path VR ,"       1,303",ps4,"['Dec 4, 2018']",70
1303,Taiko no Tatsujin: Drum Session! ,"       1,304",ps4,"['Nov 2, 2018']",70
1304,WRC 7 ,"       1,305",ps4,"['Oct 3, 2017']",70
1305,Mercenary Kings ,"       1,306",ps4,"['Apr 1, 2014']",70
1306,Watch Dogs: Legion ,"       1,307",ps4,"['Oct 29, 2020']",70
1307,Destroy All Humans! ,"       1,308",ps4,"['Jul 28, 2020']",70
1308,Project CARS 3 ,"       1,309",ps4,"['Aug 25, 2020']",70
1309,Nitroplus Blasterz: Heroines Infinite Duel ,"       1,310",ps4,"['Feb 2, 2016']",70
1310,Citizens of Earth ,"       1,311",ps4,"['Jan 20, 2015']",70
1311,Batman: The Telltale Series - Episode 1: Realm of Shadows ,"       1,312",ps4,"['Aug 2, 2016']",70
1312,Warriors All-Stars ,"       1,313",ps4,"['Aug 29, 2017']",70
1313,1979 Revolution: Black Friday ,"       1,314",ps4,"['Jul 31, 2018']",70
1314,Warriors Orochi 4 Ultimate ,"       1,315",ps4,"['Feb 14, 2020']",70
1315,Dynasty Warriors: Godseekers ,"       1,316",ps4,"['Jan 31, 2017']",70
1316,Vampyr ,"       1,317",ps4,"['Jun 5, 2018']",70
1317,Falcon Age ,"       1,318",ps4,"['Apr 9, 2019']",70
1318,Biped ,"       1,319",ps4,"['Apr 8, 2020']",70
1319,Minute of Islands ,"       1,320",ps4,"['Jun 13, 2021']",70
1320,AER: Memories of Old ,"       1,321",ps4,"['Oct 25, 2017']",70
1321,Coffee Talk ,"       1,322",ps4,"['Jan 30, 2020']",70
1322,Shadow Warrior ,"       1,323",ps4,"['Oct 21, 2014']",70
1323,Rainbow Moon ,"       1,324",ps4,"['Feb 16, 2016']",70
1324,Red Faction: Guerrilla Re-Mars-tered ,"       1,325",ps4,"['Jul 3, 2018']",70
1325,The Angry Birds Movie 2 VR: Under Pressure ,"       1,326",ps4,"['Aug 6, 2019']",70
1326,Assassin's Creed Unity ,"       1,327",ps4,"['Nov 11, 2014']",70
1327,The Last Remnant Remastered ,"       1,328",ps4,"['Dec 6, 2018']",70
1328,Star Wars Battlefront: Outer Rim ,"   1,329",ps4,"['Apr 5, 2016']",70
1329,Marvel's Guardians of the Galaxy - Episode 2: Under Pressure ,"   1,330",ps4,"['Jun 6, 2017']",70
1330,Digimon Survive ,"       1,331",ps4,"['Jul 29, 2022']",70
1331,Resident Evil 0: HD Remaster ,"       1,332",ps4,"['Jan 19, 2016']",70
1332,The Outer Worlds: Peril on Gorgon ,"       1,333",ps4,"['Sep 9, 2020']",70
1333,Touhou Genso Wanderer ,"       1,334",ps4,"['Mar 21, 2017']",70
1334,Game of Thrones: Episode Three - The Sword in the Darkness ,"       1,335",ps4,"['Mar 24, 2015']",70
1335,SpongeBob SquarePants: The Cosmic Shake ,"       1,336",ps4,"['Jan 31, 2023']",70
1336,Dead Star ,"       1,337",ps4,"['Apr 5, 2016']",70
1337,Monster Energy Supercross - The Official Videogame 3 ,"       1,338",ps4,"['Feb 4, 2020']",70
1338,Skate City ,"       1,339",ps4,"['May 6, 2021']",70
1339,EA Sports UFC ,"       1,340",ps4,"['Jun 17, 2014']",70
1340,Grow Up ,"       1,341",ps4,"['Aug 16, 2016']",70
1341,That's You! ,"       1,342",ps4,"['Jul 4, 2017']",70
1342,Pneuma: Breath of Life ,"       1,343",ps4,"['Jul 7, 2015']",69
1343,The Dark Pictures Anthology: Man of Medan ,"       1,344",ps4,"['Aug 30, 2019']",69
1344,Archangel ,"       1,345",ps4,"['Jul 18, 2017']",69
1345,Chocobo's Mystery Dungeon: Every Buddy! ,"       1,346",ps4,"['Mar 20, 2019']",69
1346,Kingdom Come: Deliverance ,"       1,347",ps4,"['Feb 13, 2018']",69
1347,TumbleSeed ,"       1,348",ps4,"['May 2, 2017']",69
1348,Song of the Deep ,"       1,349",ps4,"['Jul 12, 2016']",69
1349,Korix ,"       1,350",ps4,"['Mar 28, 2017']",69
1350,Hitman HD Enhanced Collection ,"       1,351",ps4,"['Jan 11, 2019']",69
1351,Disco Dodgeball Remix ,"       1,352",ps4,"['May 22, 2018']",69
1352,Sword Art Online: Hollow Realization ,"       1,353",ps4,"['Nov 8, 2016']",69
1353,Absolver ,"       1,354",ps4,"['Aug 29, 2017']",69
1354,Ride 2 ,"       1,355",ps4,"['Feb 14, 2017']",69
1355,God Eater 2: Rage Burst ,"       1,356",ps4,"['Aug 30, 2016']",69
1356,Livelock ,"       1,357",ps4,"['Aug 30, 2016']",69
1357,Kukoos - Lost Pets ,"       1,358",ps4,"['Dec 6, 2022']",69
1358,Darkestville Castle ,"       1,359",ps4,"['Aug 13, 2020']",69
1359,Clockwork Aquario ,"       1,360",ps4,"['Dec 14, 2021']",69
1360,The Liar Princess and the Blind Prince ,"       1,361",ps4,"['Feb 12, 2019']",69
1361,Asterix & Obelix: Slap Them All! ,"       1,362",ps4,"['Dec 2, 2021']",69
1362,Deception IV: The Nightmare Princess ,"       1,363",ps4,"['Jul 14, 2015']",69
1363,Tower of Guns ,"       1,364",ps4,"['Apr 7, 2015']",69
1364,Twin Breaker: A Sacred Symbols Adventure ,"       1,365",ps4,"['Mar 24, 2020']",69
1365,Captain Tsubasa: Rise of New Champions ,"       1,366",ps4,"['Aug 28, 2020']",69
1366,RiftStar Raiders ,"       1,367",ps4,"['Feb 27, 2018']",69
1367,Mirror's Edge Catalyst ,"       1,368",ps4,"['Jun 7, 2016']",69
1368,Octodad: Dadliest Catch ,"       1,369",ps4,"['Apr 22, 2014']",69
1369,The Bunker (2016) ,"       1,370",ps4,"['Sep 20, 2016']",69
1370,Dynasty Warriors 8: Xtreme Legends - Complete Edition ,"       1,371",ps4,"['Mar 25, 2014']",69
1371,Super Exploding Zoo ,"       1,372",ps4,"['Jun 2, 2015']",69
1372,The Mage's Tale ,"       1,373",ps4,"['Feb 5, 2019']",69
1373,Edna & Harvey: The Breakout - 10th Anniversary Edition ,"       1,374",ps4,"['Jun 17, 2020']",69
1374,LEGO The Incredibles ,"       1,375",ps4,"['Jun 15, 2018']",69
1375,Knack 2 ,"       1,376",ps4,"['Sep 5, 2017']",69
1376,Oninaki ,"       1,377",ps4,"['Aug 22, 2019']",69
1377,The Walking Dead: The Telltale Series - A New Frontier Episode 3: Above the Law ,"   1,378",ps4,"['Mar 28, 2017']",69
1378,Tumble VR ,"       1,379",ps4,"['Oct 10, 2016']",69
1379,AO Tennis 2 ,"       1,380",ps4,"['Feb 11, 2020']",69
1380,Mad Max ,"       1,381",ps4,"['Sep 1, 2015']",69
1381,Farming Simulator 17 ,"       1,382",ps4,"['Oct 25, 2016']",69
1382,Olympic Games Tokyo 2020: The Official Video Game ,"       1,383",ps4,"['Jun 22, 2021']",69
1383,Arslan: The Warriors of Legend ,"       1,384",ps4,"['Feb 9, 2016']",69
1384,Game of Thrones: Episode Two - The Lost Lords ,"       1,385",ps4,"['Feb 3, 2015']",69
1385,Exist Archive: The Other Side of the Sky ,"       1,386",ps4,"['Oct 18, 2016']",69
1386,Earth Defense Force: Iron Rain ,"       1,387",ps4,"['Apr 11, 2019']",69
1387,Ghosts 'n Goblins Resurrection ,"       1,388",ps4,"['Jun 1, 2021']",69
1388,Resident Evil 5 ,"       1,389",ps4,"['Jun 28, 2016']",69
1389,Assassin's Creed Chronicles: China ,"       1,390",ps4,"['Apr 21, 2015']",69
1390,Paperbound ,"       1,391",ps4,"['Mar 31, 2015']",69
1391,Game of Thrones: A Telltale Games Series ,"       1,392",ps4,"['Nov 17, 2015']",69
1392,Snake Pass ,"       1,393",ps4,"['Mar 28, 2017']",69
1393,ARK: Survival Evolved ,"       1,394",ps4,"['Aug 29, 2017']",69
1394,Fallout 4: Automatron ,"       1,395",ps4,"['Mar 22, 2016']",69
1395,Onee Chanbara ORIGIN ,"       1,396",ps4,"['Oct 14, 2020']",69
1396,Ganryu 2: Hakuma Kojiro ,"       1,397",ps4,"['Mar 9, 2022']",69
1397,Dragon Ball: Xenoverse ,"       1,398",ps4,"['Feb 24, 2015']",69
1398,Screencheat ,"       1,399",ps4,"['Mar 1, 2016']",69
1399,Dead Synchronicity: Tomorrow Comes Today ,"       1,400",ps4,"['Oct 4, 2016']",69
1400,It's Quiz Time ,"       1,401",ps4,"['Nov 28, 2017']",69
1401,Sea of Solitude ,"       1,402",ps4,"['Jul 5, 2019']",69
1402,Erica ,"       1,403",ps4,"['Aug 19, 2019']",69
1403,Vader Immortal: A Star Wars VR Series ,"       1,404",ps4,"['Aug 25, 2020']",69
1404,WWE 2K17 ,"       1,405",ps4,"['Oct 11, 2016']",69
1405,SpongeBob SquarePants: Battle for Bikini Bottom - Rehydrated ,"       1,406",ps4,"['Jun 23, 2020']",68
1406,Maneater ,"       1,407",ps4,"['May 22, 2020']",68
1407,Gang Beasts ,"       1,408",ps4,"['Dec 12, 2017']",68
1408,Layers of Fear 2 ,"       1,409",ps4,"['May 28, 2019']",68
1409,King's Quest Chapter 2: Rubble Without a Cause ,"       1,410",ps4,"['Dec 15, 2015']",68
1410,Call of Duty: Black Ops III - Descent ,"       1,411",ps4,"['Jul 12, 2016']",68
1411,Lost Sphear ,"       1,412",ps4,"['Jan 23, 2018']",68
1412,Marsupilami: Hoobadventure ,"       1,413",ps4,"['Nov 16, 2021']",68
1413,Starblood Arena ,"       1,414",ps4,"['Apr 11, 2017']",68
1414,Danger Zone 2 ,"       1,415",ps4,"['Jul 13, 2018']",68
1415,NBA 2K21 ,"       1,416",ps4,"['Sep 4, 2020']",68
1416,One Piece: Unlimited World Red - Deluxe Edition ,"       1,417",ps4,"['Aug 25, 2017']",68
1417,Killing Floor: Incursion ,"       1,418",ps4,"['May 1, 2018']",68
1418,Zool Redimensioned ,"       1,419",ps4,"['May 16, 2023']",68
1419,Utawarerumono: Mask of Deception ,"       1,420",ps4,"['May 23, 2017']",68
1420,Gundam Versus ,"       1,421",ps4,"['Sep 29, 2017']",68
1421,de Blob 2 ,"       1,422",ps4,"['Feb 27, 2018']",68
1422,Star Wars Battlefront II ,"       1,423",ps4,"['Nov 14, 2017']",68
1423,Kill la Kill: IF ,"       1,424",ps4,"['Jul 26, 2019']",68
1424,MotoGP 17 ,"       1,425",ps4,"['Jul 11, 2017']",68
1425,Battleborn ,"       1,426",ps4,"['May 3, 2016']",68
1426,Frantics ,"       1,427",ps4,"['Mar 6, 2018']",68
1427,Deracine ,"       1,428",ps4,"['Nov 6, 2018']",68
1428,Broforce ,"       1,429",ps4,"['Mar 1, 2016']",68
1429,TERA ,"       1,430",ps4,"['Mar 8, 2018']",68
1430,Tales of Symphonia Remastered ,"       1,431",ps4,"['Feb 17, 2023']",68
1431,Yooka-Laylee ,"       1,432",ps4,"['Apr 11, 2017']",68
1432,NBA Playgrounds ,"       1,433",ps4,"['May 9, 2017']",68
1433,Strike Suit Zero ,"       1,434",ps4,"['Apr 8, 2014']",68
1434,Song of Horror ,"       1,435",ps4,"['May 28, 2021']",68
1435,Phantom Breaker: Omnia ,"       1,436",ps4,"['Mar 15, 2022']",68
1436,The Wizards: Enhanced Edition ,"       1,437",ps4,"['Mar 12, 2019']",68
1437,Space Hulk: Tactics ,"       1,438",ps4,"['Oct 9, 2018']",68
1438,Batman: The Telltale Series ,"       1,439",ps4,"['Aug 2, 2016']",68
1439,GORN ,"       1,440",ps4,"['May 19, 2020']",68
1440,My Hero One's Justice 2 ,"       1,441",ps4,"['Mar 13, 2020']",68
1441,Assassin's Creed Unity: Dead Kings ,"       1,442",ps4,"['Jan 13, 2015']",68
1442,Kromaia ,"       1,443",ps4,"['Oct 16, 2015']",68
1443,Doraemon: Story of Seasons ,"       1,444",ps4,"['Sep 4, 2020']",68
1444,The 25th Ward: The Silver Case ,"       1,445",ps4,"['Mar 13, 2018']",68
1445,The Council - Episode 3: Ripples ,"   1,446",ps4,"['Jul 24, 2018']",68
1446,Dear Esther: Landmark Edition ,"       1,447",ps4,"['Sep 20, 2016']",68
1447,Effie ,"       1,448",ps4,"['Jun 4, 2019']",68
1448,Smoke and Sacrifice ,"       1,449",ps4,"['Jan 15, 2019']",68
1449,Re:ZERO - Starting Life in Another World: The Prophecy of the Throne ,"       1,450",ps4,"['Jan 29, 2021']",68
1450,Light Tracer ,"       1,451",ps4,"['Sep 26, 2017']",68
1451,iO ,"       1,452",ps4,"['Feb 14, 2017']",68
1452,Reverie Knights Tactics ,"       1,453",ps4,"['Jan 25, 2022']",68
1453,Arrog ,"       1,454",ps4,"['Feb 5, 2021']",68
1454,Root Letter ,"       1,455",ps4,"['Nov 8, 2016']",68
1455,Earth's Dawn ,"       1,456",ps4,"['Nov 1, 2016']",68
1456,Marvel's Guardians of the Galaxy - Episode 4: Who Needs You ,"   1,457",ps4,"['Oct 10, 2017']",68
1457,Darius Cozmic Collection: Console ,"       1,458",ps4,"['Jun 16, 2020']",68
1458,Close to the Sun ,"       1,459",ps4,"['Oct 29, 2019']",68
1459,Where the Heart Leads ,"       1,460",ps4,"['Jul 13, 2021']",68
1460,Rocket Arena ,"       1,461",ps4,"['Jul 14, 2020']",68
1461,Sniper Ghost Warrior Contracts 2 ,"       1,462",ps4,"['Jun 4, 2021']",68
1462,Middle-earth: Shadow of Mordor - The Bright Lord ,"       1,463",ps4,"['Feb 24, 2015']",68
1463,Minecraft: Story Mode Season Two - Episode 1: Hero in Residence ,"       1,464",ps4,"['Jul 11, 2017']",68
1464,Outlast 2 ,"       1,465",ps4,"['Apr 24, 2017']",68
1465,Mafia III ,"       1,466",ps4,"['Oct 7, 2016']",68
1466,Strikers Edge ,"       1,467",ps4,"['Jan 30, 2018']",68
1467,MXGP 2019 ,"       1,468",ps4,"['Aug 27, 2019']",68
1468,My Hero One's Justice ,"       1,469",ps4,"['Oct 26, 2018']",68
1469,Conan Exiles ,"       1,470",ps4,"['May 8, 2018']",68
1470,Tennis in the Face ,"       1,471",ps4,"['Dec 9, 2014']",68
1471,Slain: Back from Hell ,"       1,472",ps4,"['Sep 20, 2016']",68
1472,Lords of the Fallen (2014) ,"       1,473",ps4,"['Oct 28, 2014']",68
1473,Jurassic World Evolution ,"       1,474",ps4,"['Jun 12, 2018']",68
1474,Digimon World: Next Order ,"       1,475",ps4,"['Jan 31, 2017']",68
1475,The Castle Game ,"       1,476",ps4,"['Aug 4, 2015']",68
1476,Pure Farming 2018 ,"       1,477",ps4,"['Mar 13, 2018']",68
1477,Chronos: Before the Ashes ,"       1,478",ps4,"['Dec 1, 2020']",68
1478,Little Orpheus ,"       1,479",ps4,"['Sep 13, 2022']",68
1479,Stonefly ,"       1,480",ps4,"['Jun 1, 2021']",68
1480,Senran Kagura: Estival Versus ,"       1,481",ps4,"['Mar 15, 2016']",67
1481,,"       1,482",ps4,"['Apr 12, 2019']",67
1482,Human: Fall Flat ,"       1,483",ps4,"['May 9, 2017']",67
1483,Wonder Boy: Asha in Monster World ,"       1,484",ps4,"['May 28, 2021']",67
1484,MediEvil ,"       1,485",ps4,"['Oct 25, 2019']",67
1485,Lichtspeer ,"       1,486",ps4,"['Sep 27, 2016']",67
1486,Super Bomberman R ,"       1,487",ps4,"['Jun 12, 2018']",67
1487,Brut@l ,"       1,488",ps4,"['Aug 9, 2016']",67
1488,Vikings: Wolves of Midgard ,"       1,489",ps4,"['Mar 28, 2017']",67
1489,Danganronpa Another Episode: Ultra Despair Girls ,"       1,490",ps4,"['Jun 27, 2017']",67
1490,DOOM 3: VR Edition ,"       1,491",ps4,"['Mar 29, 2021']",67
1491,Crystar ,"       1,492",ps4,"['Aug 27, 2019']",67
1492,InnerSpace ,"       1,493",ps4,"['Jan 16, 2018']",67
1493,Nelke & the Legendary Alchemists: Ateliers of the New World ,"       1,494",ps4,"['Mar 26, 2019']",67
1494,How to Survive 2 ,"       1,495",ps4,"['Feb 6, 2017']",67
1495,Katana Kami: A Way of the Samurai Story ,"       1,496",ps4,"['Feb 20, 2020']",67
1496,White Night ,"       1,497",ps4,"['Mar 3, 2015']",67
1497,Monster Truck Championship ,"       1,498",ps4,"['Oct 20, 2020']",67
1498,We Happy Few ,"       1,499",ps4,"['Aug 10, 2018']",67
1499,The Spectrum Retreat ,"       1,500",ps4,"['Jul 10, 2018']",67
1500,Assault Suit Leynos ,"       1,501",ps4,"['Jul 14, 2016']",67
1501,Assassin's Creed Odyssey: Story Arc 1 - Legacy of the First Blade ,"       1,502",ps4,"['Dec 4, 2018']",67
1502,My Memory of Us ,"       1,503",ps4,"['Oct 9, 2018']",67
1503,Steel Rats ,"       1,504",ps4,"['Nov 7, 2018']",67
1504,King's Quest Chapter 4: Snow Place Like Home ,"   1,505",ps4,"['Sep 27, 2016']",67
1505,Cobra Kai: The Karate Kid Saga Continues ,"       1,506",ps4,"['Oct 27, 2020']",67
1506,Nights of Azure ,"       1,507",ps4,"['Mar 29, 2016']",67
1507,Nine Parchments ,"       1,508",ps4,"['Dec 12, 2017']",67
1508,How We Soar ,"       1,509",ps4,"['Nov 29, 2016']",67
1509,Batman: The Enemy Within - Episode 2: The Pact ,"       1,510",ps4,"['Sep 26, 2017']",67
1510,Port Royale 4 ,"       1,511",ps4,"['Sep 25, 2020']",67
1511,DreamWorks Voltron VR Chronicles ,"       1,512",ps4,"['Sep 26, 2017']",67
1512,Sniper Elite III ,"       1,513",ps4,"['Jul 1, 2014']",67
1513,The Town of Light ,"       1,514",ps4,"['Jun 6, 2017']",67
1514,Gravel ,"       1,515",ps4,"['Feb 27, 2018']",67
1515,White Day: A Labyrinth Named School ,"       1,516",ps4,"['Aug 29, 2017']",67
1516,The Bradwell Conspiracy ,"       1,517",ps4,"['Oct 8, 2019']",67
1517,The LEGO NINJAGO Movie Video Game ,"       1,518",ps4,"['Sep 22, 2017']",67
1518,Marvel's Avengers ,"       1,519",ps4,"['Sep 1, 2020']",67
1519,Batman: The Telltale Series - Episode 5: City of Light ,"       1,520",ps4,"['Dec 13, 2016']",67
1520,Shining Resonance Refrain ,"       1,521",ps4,"['Jul 10, 2018']",67
1521,Max: The Curse of Brotherhood ,"       1,522",ps4,"['Nov 8, 2017']",67
1522,"Warhammer 40,000: Mechanicus ","       1,523",ps4,"['Jul 17, 2020']",67
1523,Super Mutant Alien Assault ,"       1,524",ps4,"['Jul 12, 2016']",67
1524,2 ,"       1,525",ps4,"['Feb 14, 2017']",67
1525,Dex ,"       1,526",ps4,"['Jul 12, 2016']",67
1526,Shiness: The Lightning Kingdom ,"       1,527",ps4,"['Apr 18, 2017']",67
1527,Guns of Icarus Alliance ,"       1,528",ps4,"['May 1, 2018']",67
1528,Space Invaders Forever ,"       1,529",ps4,"['Dec 11, 2020']",67
1529,Romance of the Three Kingdoms XIV ,"       1,530",ps4,"['Feb 28, 2020']",67
1530,Fate/Extella: The Umbral Star ,"       1,531",ps4,"['Jan 17, 2017']",67
1531,Romance of the Three Kingdoms XIII ,"       1,532",ps4,"['Jul 5, 2016']",67
1532,Mount & Blade: Warband ,"       1,533",ps4,"['Sep 27, 2016']",67
1533,Mini-Mech Mayhem ,"       1,534",ps4,"['Jun 18, 2019']",67
1534,Dreamfall Chapters ,"       1,535",ps4,"['May 12, 2017']",67
1535,Shenmue III ,"       1,536",ps4,"['Nov 19, 2019']",67
1536,RAGE 2 ,"       1,537",ps4,"['May 14, 2019']",67
1537,Big Rumble Boxing: Creed Champions ,"       1,538",ps4,"['Sep 3, 2021']",67
1538,Thief ,"       1,539",ps4,"['Feb 25, 2014']",67
1539,Dissidia: Final Fantasy NT ,"       1,540",ps4,"['Jan 30, 2018']",67
1540,State of Mind ,"       1,541",ps4,"['Aug 15, 2018']",67
1541,MXGP3: The Official Motocross Videogame ,"       1,542",ps4,"['Jun 20, 2017']",67
1542,CounterSpy ,"       1,543",ps4,"['Aug 19, 2014']",67
1543,The Council - Episode 2: Hide and Seek ,"   1,544",ps4,"['May 15, 2018']",67
1544,Redeemer: Enhanced Edition ,"       1,545",ps4,"['Jul 19, 2019']",67
1545,World War Z ,"       1,546",ps4,"['Apr 16, 2019']",67
1546,Spintires: MudRunner ,"       1,547",ps4,"['Oct 31, 2017']",67
1547,Monster Energy Supercross - The Official Videogame ,"       1,548",ps4,"['Feb 13, 2018']",67
1548,The Little Acre ,"       1,549",ps4,"['Dec 13, 2016']",67
1549,Super Daryl Deluxe ,"       1,550",ps4,"['Apr 10, 2018']",67
1550,Samurai Jack: Battle Through Time ,"       1,551",ps4,"['Aug 21, 2020']",67
1551,Rocketbirds 2: Evolution ,"       1,552",ps4,"['Apr 26, 2016']",67
1552,Agatha Christie: The ABC Murders ,"       1,553",ps4,"['Feb 23, 2016']",67
1553,TT Isle of Man: Ride On The Edge ,"       1,554",ps4,"['Mar 6, 2018']",67
1554,Ultra Age ,"       1,555",ps4,"['Sep 9, 2021']",67
1555,WWE 2K18 ,"       1,556",ps4,"['Oct 13, 2017']",66
1556,Foul Play ,"       1,557",ps4,"['Feb 23, 2016']",66
1557,Sparkle 2 ,"       1,558",ps4,"['May 20, 2014']",66
1558,Impact Winter ,"       1,559",ps4,"['Apr 5, 2018']",66
1559,Helvetii ,"       1,560",ps4,"['Feb 3, 2023']",66
1560,Nights of Azure 2: Bride of the New Moon ,"       1,561",ps4,"['Oct 24, 2017']",66
1561,LEGO Worlds ,"       1,562",ps4,"['Mar 7, 2017']",66
1562,Rust ,"       1,563",ps4,"['May 21, 2021']",66
1563,Black The Fall ,"       1,564",ps4,"['Jul 11, 2017']",66
1564,Driveclub VR ,"       1,565",ps4,"['Sep 21, 2016']",66
1565,NASCAR Heat 2 ,"       1,566",ps4,"['Sep 12, 2017']",66
1566,The Incredible Adventures of Van Helsing: Extended Edition ,"       1,567",ps4,"['Feb 28, 2017']",66
1567,Castaway Paradise ,"       1,568",ps4,"['Jul 31, 2018']",66
1568,Super Stardust Ultra VR ,"       1,569",ps4,"['Oct 10, 2016']",66
1569,One Piece: Burning Blood ,"       1,570",ps4,"['May 31, 2016']",66
1570,Blue Reflection ,"       1,571",ps4,"['Sep 26, 2017']",66
1571,H1Z1: Battle Royale ,"       1,572",ps4,"['Aug 7, 2018']",66
1572,NASCAR Heat Evolution ,"       1,573",ps4,"['Sep 13, 2016']",66
1573,Ghostbusters: The Video Game Remastered ,"       1,574",ps4,"['Oct 4, 2019']",66
1574,WRC 6: World Rally Championship ,"       1,575",ps4,"['Mar 3, 2017']",66
1575,Batman: The Telltale Series - Episode 2: Children of Arkham ,"       1,576",ps4,"['Sep 20, 2016']",66
1576,The Shapeshifting Detective ,"       1,577",ps4,"['Nov 6, 2018']",66
1577,Rad Rodgers ,"       1,578",ps4,"['Feb 21, 2018']",66
1578,Paradise Lost ,"       1,579",ps4,"['Mar 24, 2021']",66
1579,RIDE ,"       1,580",ps4,"['Oct 6, 2015']",66
1580,Hidden Agenda ,"       1,581",ps4,"['Oct 24, 2017']",66
1581,The Last Tinker: City of Colors ,"       1,582",ps4,"['Aug 19, 2014']",66
1582,Winds & Leaves ,"       1,583",ps4,"['Jul 27, 2021']",66
1583,Kingdom Hearts III - Re Mind ,"   1,584",ps4,"['Jan 23, 2020']",66
1584,Berserk and the Band of the Hawk ,"       1,585",ps4,"['Feb 21, 2017']",66
1585,The Cruel King and the Great Hero ,"       1,586",ps4,"['Mar 15, 2022']",66
1586,The Golf Club ,"       1,587",ps4,"['Aug 26, 2014']",66
1587,MotoGP 18 ,"       1,588",ps4,"['Jun 7, 2018']",66
1588,Chaos Code: New Sign of Catastrophe ,"       1,589",ps4,"['Mar 15, 2017']",66
1589,MXGP: The Official Motocross Videogame ,"       1,590",ps4,"['Nov 18, 2014']",66
1590,Battlezone ,"       1,591",ps4,"['Oct 13, 2016']",66
1591,Bridge Constructor ,"       1,592",ps4,"['Dec 13, 2016']",66
1592,City of Brass ,"       1,593",ps4,"['May 4, 2018']",66
1593,Full Mojo Rampage ,"       1,594",ps4,"['Jun 28, 2016']",66
1594,The Sims 4 ,"       1,595",ps4,"['Nov 17, 2017']",66
1595,Need for Speed ,"       1,596",ps4,"['Nov 3, 2015']",66
1596,Among the Sleep ,"       1,597",ps4,"['Dec 8, 2015']",66
1597,Neptunia x Senran Kagura: Ninja Wars ,"       1,598",ps4,"['Oct 26, 2021']",66
1598,ToeJam & Earl: Back in the Groove! ,"       1,599",ps4,"['Feb 15, 2019']",66
1599,Home Sweet Home (2018) ,"       1,600",ps4,"['Oct 16, 2018']",66
1600,Detached ,"       1,601",ps4,"['Jul 24, 2018']",66
1601,Saints Row IV: Re-Elected & Gat Out of Hell ,"       1,602",ps4,"['Jan 20, 2015']",66
1602,American Fugitive ,"       1,603",ps4,"['May 21, 2019']",66
1603,Punch Line ,"       1,604",ps4,"['Oct 9, 2018']",66
1604,Oceanhorn: Monster of Uncharted Seas ,"       1,605",ps4,"['Sep 7, 2016']",66
1605,Unepic ,"       1,606",ps4,"['Mar 29, 2016']",66
1606,Riverbond ,"       1,607",ps4,"['Jun 9, 2019']",66
1607,Laserlife ,"       1,608",ps4,"['Sep 22, 2015']",65
1608,Ash of Gods: Redemption ,"       1,609",ps4,"['Feb 3, 2020']",65
1609,Little Witch Nobeta ,"       1,610",ps4,"['Mar 7, 2023']",65
1610,The Caligula Effect 2 ,"       1,611",ps4,"['Oct 19, 2021']",65
1611,Senran Kagura Burst Re:Newal ,"       1,612",ps4,"['Jan 22, 2019']",65
1612,DEXED ,"       1,613",ps4,"['Jan 31, 2017']",65
1613,MXGP2: The Official Motocross Videogame ,"       1,614",ps4,"['Jun 21, 2016']",65
1614,Final Fantasy XV: Episode Prompto ,"       1,615",ps4,"['Jun 27, 2017']",65
1615,Surf World Series ,"       1,616",ps4,"['Aug 29, 2017']",65
1616,Tharsis ,"       1,617",ps4,"['Jan 12, 2016']",65
1617,Dino Frontier ,"       1,618",ps4,"['Aug 1, 2017']",65
1618,FOX n FORESTS ,"       1,619",ps4,"['May 17, 2018']",65
1619,Marvel's Guardians of the Galaxy - Episode 3: More Than A Feeling ,"   1,620",ps4,"['Aug 22, 2017']",65
1620,Dark Eclipse ,"       1,621",ps4,"['Sep 25, 2018']",65
1621,Baja: Edge of Control ,"       1,622",ps4,"['Sep 14, 2017']",65
1622,Sniper Elite V2 Remastered ,"       1,623",ps4,"['May 14, 2019']",65
1623,F1 2015 ,"       1,624",ps4,"['Jul 21, 2015']",65
1624,The Solus Project ,"       1,625",ps4,"['Sep 18, 2017']",65
1625,Rock of Ages 3: Make & Break ,"       1,626",ps4,"['Jul 21, 2020']",65
1626,Genesis Alpha One ,"       1,627",ps4,"['Jan 29, 2019']",65
1627,SingStar Celebration ,"       1,628",ps4,"['Oct 24, 2017']",65
1628,"Warhammer 40,000: Inquisitor - Martyr ","       1,629",ps4,"['Aug 23, 2018']",65
1629,Skelattack ,"       1,630",ps4,"['Jun 2, 2020']",65
1630,Fragments of Him ,"       1,631",ps4,"['Sep 26, 2017']",65
1631,How to Survive: Storm Warning Edition ,"       1,632",ps4,"['Nov 4, 2014']",65
1632,Just Cause 4 ,"       1,633",ps4,"['Dec 4, 2018']",65
1633,Stranded Deep ,"       1,634",ps4,"['Apr 23, 2020']",65
1634,ZEN Pinball 2: Marvel's Avengers: Age of Ultron ,"   1,635",ps4,"['Apr 22, 2015']",65
1635,Conarium ,"       1,636",ps4,"['Feb 12, 2019']",65
1636,Sniper Ghost Warrior Contracts ,"       1,637",ps4,"['Nov 22, 2019']",65
1637,Sword Art Online Re: Hollow Fragment ,"       1,638",ps4,"['Jul 28, 2015']",65
1638,Dynasty Warriors 9 ,"       1,639",ps4,"['Feb 13, 2018']",65
1639,Super Motherload ,"       1,640",ps4,"['Nov 15, 2013']",65
1640,Birthdays the Beginning ,"       1,641",ps4,"['May 9, 2017']",65
1641,Dariusburst: Another Chronicle EX ,"       1,642",ps4,"['Jul 27, 2021']",65
1642,Party Hard ,"       1,643",ps4,"['Apr 26, 2016']",65
1643,Blair Witch ,"       1,644",ps4,"['Dec 3, 2019']",65
1644,Xenoraid ,"       1,645",ps4,"['Nov 8, 2016']",65
1645,Abyss Odyssey: Extended Dream Edition ,"       1,646",ps4,"['Jul 28, 2015']",65
1646,Smash Hit Plunder ,"       1,647",ps4,"['Dec 11, 2018']",65
1647,Dusk Diver ,"       1,648",ps4,"['Oct 29, 2019']",64
1648,Tokyo Twilight Ghost Hunters: Daybreak Special Gigs ,"       1,649",ps4,"['Sep 20, 2016']",64
1649,Cloudpunk ,"       1,650",ps4,"['Oct 15, 2020']",64
1650,Shadow of the Beast ,"       1,651",ps4,"['May 17, 2016']",64
1651,Way of the Passive Fist ,"       1,652",ps4,"['Mar 6, 2018']",64
1652,The Silver Case ,"       1,653",ps4,"['Apr 18, 2017']",64
1653,The Crew 2 ,"       1,654",ps4,"['Jun 26, 2018']",64
1654,Omen of Sorrow ,"       1,655",ps4,"['Nov 6, 2018']",64
1655,Saints Row: Gat Out of Hell ,"       1,656",ps4,"['Jan 20, 2015']",64
1656,Saints Row: Gat Out of Hell ,"       1,657",ps4,"['Jan 20, 2015']",64
1657,Sword Art Online: Fatal Bullet ,"       1,658",ps4,"['Feb 23, 2018']",64
1658,Farming Simulator 19 ,"       1,659",ps4,"['Nov 20, 2018']",64
1659,Kerbal Space Program: Enhanced Edition ,"       1,660",ps4,"['Jan 16, 2018']",64
1660,Foregone ,"       1,661",ps4,"['Oct 5, 2020']",64
1661,Scribblenauts Showdown ,"       1,662",ps4,"['Mar 6, 2018']",64
1662,Secret Ponchos ,"       1,663",ps4,"['Dec 2, 2014']",64
1663,King Oddball ,"       1,664",ps4,"['Apr 8, 2014']",64
1664,Biomutant ,"       1,665",ps4,"['May 25, 2021']",64
1665,Windbound ,"       1,666",ps4,"['Aug 28, 2020']",64
1666,Symphony of the Machine ,"       1,667",ps4,"['Apr 25, 2017']",64
1667,FATED: The Silent Oath ,"       1,668",ps4,"['Mar 28, 2017']",64
1668,Earth Defense Force 4.1: The Shadow of New Despair ,"       1,669",ps4,"['Dec 8, 2015']",64
1669,NASCAR Heat 3 ,"       1,670",ps4,"['Sep 7, 2018']",64
1670,Crimsonland ,"       1,671",ps4,"['Jul 15, 2014']",64
1671,Yonder: The Cloud Catcher Chronicles ,"       1,672",ps4,"['Jul 18, 2017']",64
1672,Fallen Legion: Sins of an Empire ,"       1,673",ps4,"['Jul 18, 2017']",64
1673,Fallout 4: Nuka-World ,"       1,674",ps4,"['Aug 30, 2016']",64
1674,Gal*Gun: Double Peace ,"       1,675",ps4,"['Aug 2, 2016']",64
1675,Tom Clancy's The Division - Underground ,"       1,676",ps4,"['Jun 28, 2016']",64
1676,Tiny Brains ,"       1,677",ps4,"['Dec 3, 2013']",64
1677,The Caligula Effect ,"       1,678",ps4,"['Mar 12, 2019']",64
1678,TRON RUN/r ,"       1,679",ps4,"['Feb 16, 2016']",64
1679,Maid of Sker ,"       1,680",ps4,"['Jul 28, 2020']",64
1680,Dead by Daylight ,"       1,681",ps4,"['Jun 20, 2017']",64
1681,Knowledge is Power: Decades ,"       1,682",ps4,"['Nov 13, 2018']",64
1682,Xenon Racer ,"       1,683",ps4,"['Mar 26, 2019']",64
1683,Zombie Vikings ,"       1,684",ps4,"['Sep 1, 2015']",64
1684,ChromaGun VR ,"       1,685",ps4,"['Feb 19, 2019']",64
1685,Mulaka ,"       1,686",ps4,"['Feb 27, 2018']",64
1686,The Sinking City ,"       1,687",ps4,"['Jun 25, 2019']",64
1687,MXGP Pro ,"       1,688",ps4,"['Jul 10, 2018']",64
1688,DeadCore ,"       1,689",ps4,"['Jul 14, 2017']",64
1689,Snooker 19 ,"       1,690",ps4,"['Apr 16, 2019']",64
1690,Grand Ages: Medieval ,"       1,691",ps4,"['Oct 13, 2015']",64
1691,The Council - Episode 5: Checkmate ,"   1,692",ps4,"['Dec 4, 2018']",64
1692,Infliction: Extended Cut ,"       1,693",ps4,"['Feb 25, 2020']",64
1693,Sword Art Online: Millennium Twilight ,"       1,694",ps4,"['Jul 7, 2017']",64
1694,Danger Zone ,"       1,695",ps4,"['May 30, 2017']",64
1695,Resident Evil: Resistance ,"       1,696",ps4,"['Apr 3, 2020']",64
1696,Warframe ,"       1,697",ps4,"['Nov 12, 2013']",64
1697,Seasons After Fall ,"       1,698",ps4,"['May 16, 2017']",64
1698,Kholat ,"       1,699",ps4,"['Mar 8, 2016']",64
1699,Peaky Blinders: Mastermind ,"       1,700",ps4,"['Aug 20, 2020']",64
1700,Darksiders III ,"       1,701",ps4,"['Nov 27, 2018']",64
1701,The Outer Worlds: Murder on Eridanos ,"       1,702",ps4,"['Mar 17, 2021']",64
1702,Track Lab ,"       1,703",ps4,"['Aug 21, 2018']",64
1703,Rainbow Skies ,"       1,704",ps4,"['Jun 26, 2018']",64
1704,Wolfenstein: Youngblood ,"       1,705",ps4,"['Jul 26, 2019']",63
1705,Dead Island: Definitive Collection ,"       1,706",ps4,"['May 31, 2016']",63
1706,The Witch and the Hundred Knight ,"       1,707",ps4,"['Mar 1, 2016']",63
1707,This Is the Police ,"       1,708",ps4,"['Mar 22, 2017']",63
1708,Neon Chrome ,"       1,709",ps4,"['May 31, 2016']",63
1709,Fallout 76: Wastelanders ,"   1,710",ps4,"['Apr 14, 2020']",63
1710,Moons of Madness ,"       1,711",ps4,"['Mar 24, 2020']",63
1711,Shadow Warrior 3 ,"       1,712",ps4,"['Mar 1, 2022']",63
1712,Assassin's Creed Chronicles: India ,"       1,713",ps4,"['Jan 13, 2016']",63
1713,AIRHEART ,"       1,714",ps4,"['Jul 24, 2018']",63
1714,Windlands ,"       1,715",ps4,"['Oct 25, 2016']",63
1715,Dynasty Warriors 8 Empires ,"       1,716",ps4,"['Feb 24, 2015']",63
1716,Destiny: The Dark Below ,"       1,717",ps4,"['Dec 9, 2014']",63
1717,Metal Wolf Chaos XD ,"       1,718",ps4,"['Aug 6, 2019']",63
1718,Battle Princess Madelyn ,"       1,719",ps4,"['Dec 20, 2018']",63
1719,Beholder: Complete Edition ,"       1,720",ps4,"['Jan 16, 2018']",63
1720,PONCHO ,"       1,721",ps4,"['Nov 3, 2015']",63
1721,Space Junkies ,"       1,722",ps4,"['Mar 26, 2019']",63
1722,Arcade Classics Anniversary Collection ,"       1,723",ps4,"['Apr 18, 2019']",63
1723,Unbox: Newbie's Adventure ,"       1,724",ps4,"['Jul 25, 2017']",63
1724,Skully ,"       1,725",ps4,"['Aug 4, 2020']",63
1725,Fat Princess Adventures ,"       1,726",ps4,"['Dec 5, 2015']",63
1726,Citizens of Space ,"       1,727",ps4,"['Jun 18, 2019']",63
1727,Pang Adventures ,"       1,728",ps4,"['Apr 19, 2016']",63
1728,Secret of Mana (Remaster) ,"       1,729",ps4,"['Feb 15, 2018']",63
1729,8-Bit Hordes ,"       1,730",ps4,"['Feb 1, 2019']",63
1730,King of Seas ,"       1,731",ps4,"['May 25, 2021']",63
1731,Exile's End ,"       1,732",ps4,"['Oct 25, 2016']",63
1732,Stifled ,"       1,733",ps4,"['Oct 31, 2017']",63
1733,Salary Man Escape VR ,"       1,734",ps4,"['Jun 26, 2018']",63
1734,The Order: 1886 ,"       1,735",ps4,"['Feb 20, 2015']",63
1735,Travis Strikes Again: No More Heroes ,"       1,736",ps4,"['Oct 17, 2019']",63
1736,Neverwinter Nights: Enhanced Edition ,"       1,737",ps4,"['Dec 3, 2019']",63
1737,Whispering Willows ,"       1,738",ps4,"['Jun 30, 2015']",63
1738,Arizona Sunshine ,"       1,739",ps4,"['Jul 5, 2017']",63
1739,NASCAR Heat 5 ,"       1,740",ps4,"['Jul 7, 2020']",63
1740,The Occupation ,"       1,741",ps4,"['Mar 5, 2019']",63
1741,Destiny 2: Warmind ,"   1,742",ps4,"['May 8, 2018']",63
1742,Trailblazers ,"       1,743",ps4,"['May 8, 2018']",63
1743,Maskmaker ,"       1,744",ps4,"['Apr 20, 2021']",63
1744,Warhammer: Chaosbane ,"       1,745",ps4,"['May 31, 2019']",63
1745,Planet Alpha ,"       1,746",ps4,"['Sep 4, 2018']",63
1746,Bubsy: Paws on Fire ,"       1,747",ps4,"['May 16, 2019']",63
1747,Madden NFL 21 ,"       1,748",ps4,"['Aug 25, 2020']",63
1748,Call of Cthulhu: The Official Video Game ,"       1,749",ps4,"['Oct 30, 2018']",63
1749,Shiftlings ,"       1,750",ps4,"['Mar 3, 2015']",63
1750,The Book of Unwritten Tales 2 ,"       1,751",ps4,"['Sep 18, 2015']",63
1751,THE HOUSE OF THE DEAD: Remake ,"       1,752",ps4,"['Apr 28, 2022']",63
1752,Sudden Strike 4 ,"       1,753",ps4,"['Aug 15, 2017']",63
1753,Pop-Up Pilgrims ,"       1,754",ps4,"['Feb 13, 2018']",63
1754,THE HOUSE OF THE DEAD: Remake ,"       1,755",ps4,"['Apr 28, 2022']",63
1755,Gods Will Fall ,"       1,756",ps4,"['Jan 28, 2021']",63
1756,BRAWL ,"       1,757",ps4,"['Apr 28, 2015']",62
1757,Groundhog Day: Like Father Like Son ,"       1,758",ps4,"['Sep 17, 2019']",62
1758,Ghost Blade HD ,"       1,759",ps4,"['Feb 28, 2017']",62
1759,Hyper Scape ,"       1,760",ps4,"['Aug 11, 2020']",62
1760,WRC 5 ,"       1,761",ps4,"['Oct 13, 2015']",62
1761,Agents of Mayhem ,"       1,762",ps4,"['Aug 15, 2017']",62
1762,Velocibox ,"       1,763",ps4,"['Jul 28, 2015']",62
1763,Poison Control ,"       1,764",ps4,"['Apr 13, 2021']",62
1764,Chimparty ,"       1,765",ps4,"['Nov 13, 2018']",62
1765,Blind (2018) ,"       1,766",ps4,"['Sep 18, 2018']",62
1766,The Infectious Madness of Doctor Dekker ,"       1,767",ps4,"['Jun 5, 2018']",62
1767,Assassin's Creed Odyssey: Story Arc 1 - Legacy of the First Blade: Episode 2 ,"       1,768",ps4,"['Jan 15, 2019']",62
1768,Dangerous Driving ,"       1,769",ps4,"['Apr 9, 2019']",62
1769,The Lost Child ,"       1,770",ps4,"['Jun 19, 2018']",62
1770,Super Monkey Ball: Banana Blitz HD ,"       1,771",ps4,"['Oct 29, 2019']",62
1771,The Walking Dead: The Telltale Series - A New Frontier Episode 4: Thicker than Water ,"   1,772",ps4,"['Apr 25, 2017']",62
1772,Monster of the Deep: Final Fantasy XV ,"       1,773",ps4,"['Nov 21, 2017']",62
1773,Intruders: Hide and Seek ,"       1,774",ps4,"['Feb 13, 2019']",62
1774,Small Radios Big Televisions ,"       1,775",ps4,"['Nov 8, 2016']",62
1775,Legend of Kay Anniversary ,"       1,776",ps4,"['Jul 28, 2015']",62
1776,Spellspire ,"       1,777",ps4,"['May 23, 2017']",62
1777,1 ,"       1,778",ps4,"['Jun 18, 2020']",62
1778,Outward ,"       1,779",ps4,"['Mar 26, 2019']",62
1779,Zombie Army Trilogy ,"       1,780",ps4,"['Mar 3, 2015']",62
1780,Toy Soldiers: War Chest ,"       1,781",ps4,"['Aug 11, 2015']",62
1781,Ninjin: Clash of Carrots ,"       1,782",ps4,"['Sep 4, 2018']",62
1782,The Station ,"       1,783",ps4,"['Feb 20, 2018']",62
1783,Here They Lie ,"       1,784",ps4,"['Oct 13, 2016']",62
1784,FlatOut 4: Total Insanity ,"       1,785",ps4,"['May 5, 2017']",62
1785,Torchlight III ,"       1,786",ps4,"['Oct 13, 2020']",62
1786,Malicious Fallen ,"       1,787",ps4,"['Feb 21, 2017']",62
1787,Little Nightmares: The Depths ,"       1,788",ps4,"['Jul 7, 2017']",62
1788,Worms Battlegrounds ,"       1,789",ps4,"['Jun 3, 2014']",62
1789,Adventure Time: Pirates of the Enchiridion ,"       1,790",ps4,"['Jul 17, 2018']",62
1790,Conception PLUS: Maidens of the Twelve Stars ,"       1,791",ps4,"['Nov 5, 2019']",62
1791,WWE 2K15 ,"       1,792",ps4,"['Nov 18, 2014']",62
1792,Back to Bed ,"       1,793",ps4,"['Aug 25, 2015']",62
1793,Color Guardians ,"       1,794",ps4,"['May 12, 2015']",62
1794,Rory McIlroy PGA Tour ,"       1,795",ps4,"['Jul 14, 2015']",61
1795,99Vidas ,"       1,796",ps4,"['Jul 18, 2017']",61
1796,Gunscape ,"       1,797",ps4,"['Mar 1, 2016']",61
1797,Friday the 13th: The Game ,"       1,798",ps4,"['Jun 2, 2017']",61
1798,Naruto to Boruto: Shinobi Striker ,"       1,799",ps4,"['Aug 31, 2018']",61
1799,World of Warriors ,"       1,800",ps4,"['Mar 21, 2018']",61
1800,WE ARE DOOMED ,"       1,801",ps4,"['Apr 14, 2015']",61
1801,Dungeons 2 ,"       1,802",ps4,"['May 24, 2016']",61
1802,WWI Tannenberg: Eastern Front ,"       1,803",ps4,"['Jul 24, 2020']",61
1803,The Good Life ,"       1,804",ps4,"['Oct 15, 2021']",61
1804,Raging Justice ,"       1,805",ps4,"['May 8, 2018']",61
1805,Filthy Lucre ,"       1,806",ps4,"['Sep 16, 2016']",61
1806,Maglam Lord ,"       1,807",ps4,"['Feb 4, 2022']",61
1807,Downward Spiral: Horus Station ,"       1,808",ps4,"['Sep 18, 2018']",61
1808,The Walking Dead Onslaught ,"       1,809",ps4,"['Sep 29, 2020']",61
1809,Island Time VR ,"       1,810",ps4,"['Apr 3, 2018']",61
1810,JoJo's Bizarre Adventure: Eyes of Heaven ,"       1,811",ps4,"['Jun 28, 2016']",61
1811,Metal Max Xeno ,"       1,812",ps4,"['Sep 25, 2018']",61
1812,Monster Jam Steel Titans 2 ,"       1,813",ps4,"['Mar 2, 2021']",61
1813,The Crew ,"       1,814",ps4,"['Dec 2, 2014']",61
1814,PaRappa the Rapper ,"       1,815",ps4,"['Apr 4, 2017']",61
1815,Monkey King: Hero is Back ,"       1,816",ps4,"['Oct 17, 2019']",61
1816,Has-Been Heroes ,"       1,817",ps4,"['Mar 28, 2017']",61
1817,Batman: Arkham Knight - A Matter of Family ,"       1,818",ps4,"['Jul 14, 2015']",61
1818,Tour de France 2020 ,"       1,819",ps4,"['Jun 4, 2020']",61
1819,J-Stars Victory Vs+ ,"       1,820",ps4,"['Jun 30, 2015']",61
1820,Fast Striker ,"       1,821",ps4,"['Oct 16, 2018']",61
1821,The Witch and the Hundred Knight 2 ,"       1,822",ps4,"['Mar 27, 2018']",61
1822,Flockers ,"       1,823",ps4,"['Sep 23, 2014']",61
1823,Outcast: Second Contact ,"       1,824",ps4,"['Nov 14, 2017']",61
1824,Need for Speed Payback ,"       1,825",ps4,"['Nov 7, 2017']",61
1825,Asemblance ,"       1,826",ps4,"['Jun 21, 2016']",61
1826,Schrodinger's Cat and the Raiders of the Lost Quark ,"       1,827",ps4,"['May 12, 2015']",61
1827,Massira ,"       1,828",ps4,"['Sep 16, 2019']",60
1828,WWE 2K Battlegrounds ,"       1,829",ps4,"['Sep 18, 2020']",60
1829,Devil May Cry HD Collection ,"       1,830",ps4,"['Mar 13, 2018']",60
1830,Oh...Sir! The Insult Simulator ,"       1,831",ps4,"['May 30, 2017']",60
1831,The Complex ,"       1,832",ps4,"['Mar 31, 2020']",60
1832,Lifeless Planet ,"       1,833",ps4,"['Jul 19, 2016']",60
1833,The Dwarves ,"       1,834",ps4,"['Dec 1, 2016']",60
1834,Resident Evil 6 ,"       1,835",ps4,"['Mar 29, 2016']",60
1835,Alex Kidd in Miracle World DX ,"       1,836",ps4,"['Jun 22, 2021']",60
1836,Truck Racing Championship ,"       1,837",ps4,"['Aug 20, 2019']",60
1837,Slender: The Arrival ,"       1,838",ps4,"['Mar 24, 2015']",60
1838,Dead or School ,"       1,839",ps4,"['Mar 13, 2020']",60
1839,NHL 15 ,"       1,840",ps4,"['Sep 9, 2014']",60
1840,EVE: Gunjack ,"       1,841",ps4,"['Oct 13, 2016']",60
1841,KickBeat ,"       1,842",ps4,"['Sep 16, 2014']",60
1842,Ancient Amuletor ,"       1,843",ps4,"['Jun 27, 2017']",60
1843,Disintegration ,"       1,844",ps4,"['Jun 16, 2020']",60
1844,SNK Heroines: Tag Team Frenzy ,"       1,845",ps4,"['Sep 7, 2018']",60
1845,Assassin's Creed Chronicles: Russia ,"       1,846",ps4,"['Feb 9, 2016']",60
1846,Final Fantasy XV - Multiplayer Expansion: Comrades ,"       1,847",ps4,"['Nov 15, 2017']",60
1847,Metal Gear Survive ,"       1,848",ps4,"['Feb 20, 2018']",60
1848,Super Neptunia RPG ,"       1,849",ps4,"['Jun 25, 2019']",60
1849,The Technomancer ,"       1,850",ps4,"['Jun 28, 2016']",60
1850,Deadpool ,"       1,851",ps4,"['Nov 17, 2015']",60
1851,All-Star Fruit Racing ,"       1,852",ps4,"['Aug 21, 2018']",60
1852,Kandagawa Jet Girls ,"       1,853",ps4,"['Aug 18, 2020']",60
1853,Twin Mirror ,"       1,854",ps4,"['Dec 1, 2020']",60
1854,De-formers ,"       1,855",ps4,"['Apr 21, 2017']",60
1855,Separation ,"       1,856",ps4,"['Mar 4, 2020']",59
1856,N.E.R.O.: Nothing Ever Remains Obscure ,"       1,857",ps4,"['Jun 24, 2016']",59
1857,Narcos: Rise of the Cartels ,"       1,858",ps4,"['Nov 19, 2019']",59
1858,YIIK: A Postmodern RPG ,"       1,859",ps4,"['Jan 17, 2019']",59
1859,One Upon Light ,"       1,860",ps4,"['Oct 13, 2015']",59
1860,Planet of the Apes: Last Frontier ,"       1,861",ps4,"['Nov 21, 2017']",59
1861,Immortal Legacy: The Jade Cipher ,"       1,862",ps4,"['Apr 16, 2019']",59
1862,Late Shift ,"       1,863",ps4,"['Apr 18, 2017']",59
1863,Saint Seiya: Soldiers' Soul ,"       1,864",ps4,"['Oct 6, 2015']",59
1864,Final Fantasy Crystal Chronicles: Remastered Edition ,"       1,865",ps4,"['Aug 27, 2020']",59
1865,Lost Sea ,"       1,866",ps4,"['Jul 4, 2016']",59
1866,The Evil Within: The Executioner ,"       1,867",ps4,"['May 25, 2015']",59
1867,Micro Machines World Series ,"       1,868",ps4,"['Jun 30, 2017']",59
1868,Contrast (2013) ,"       1,869",ps4,"['Nov 15, 2013']",59
1869,Rogue Trooper Redux ,"       1,870",ps4,"['Oct 17, 2017']",59
1870,Loadout ,"       1,871",ps4,"['Dec 16, 2014']",59
1871,Hellpoint ,"       1,872",ps4,"['Jul 30, 2020']",59
1872,Override: Mech City Brawl ,"       1,873",ps4,"['Dec 4, 2018']",59
1873,NBA Live 15 ,"       1,874",ps4,"['Oct 28, 2014']",59
1874,NBA Live 16 ,"       1,875",ps4,"['Sep 29, 2015']",59
1875,Rain World ,"       1,876",ps4,"['Mar 28, 2017']",59
1876,Blacksad: Under the Skin ,"       1,877",ps4,"['Dec 10, 2019']",59
1877,Darksiders III: Keepers of the Void ,"       1,878",ps4,"['Jul 16, 2019']",59
1878,Utawarerumono Zan ,"       1,879",ps4,"['Sep 10, 2019']",59
1879,Pillar ,"       1,880",ps4,"['Feb 17, 2015']",59
1880,Skylar & Plux: Adventure on Clover Island ,"       1,881",ps4,"['May 19, 2017']",59
1881,Necromunda: Underhive Wars ,"       1,882",ps4,"['Sep 8, 2020']",59
1882,The Inpatient ,"       1,883",ps4,"['Jan 23, 2018']",59
1883,Asterix & Obelix XXL 3: The Crystal Menhir ,"       1,884",ps4,"['Jan 26, 2021']",59
1884,Crysis Remastered ,"       1,885",ps4,"['Sep 18, 2020']",59
1885,SG/ZH: School Girl Zombie Hunter ,"       1,886",ps4,"['Nov 17, 2017']",59
1886,Rack N Ruin ,"       1,887",ps4,"['Mar 31, 2015']",59
1887,Clid the Snail ,"       1,888",ps4,"['Aug 31, 2021']",59
1888,Murdered: Soul Suspect ,"       1,889",ps4,"['Jun 3, 2014']",59
1889,Final Fantasy XV: Episode Gladiolus ,"       1,890",ps4,"['Mar 29, 2017']",59
1890,Drive!Drive!Drive! ,"       1,891",ps4,"['Dec 13, 2016']",59
1891,Road Redemption ,"       1,892",ps4,"['Nov 6, 2018']",59
1892,PlayStation VR WORLDS ,"       1,893",ps4,"['Oct 10, 2016']",59
1893,Golem ,"       1,894",ps4,"['Nov 15, 2019']",59
1894,Entwined ,"       1,895",ps4,"['Jun 9, 2014']",59
1895,The Dark Crystal: Age of Resistance Tactics ,"       1,896",ps4,"['Feb 4, 2020']",59
1896,Little Witch Academia: Chamber of Time ,"       1,897",ps4,"['May 15, 2018']",58
1897,Blacklight: Retribution ,"       1,898",ps4,"['Nov 15, 2013']",58
1898,Star Ocean: Integrity and Faithlessness ,"       1,899",ps4,"['Jun 28, 2016']",58
1899,One Piece: World Seeker ,"       1,900",ps4,"['Mar 15, 2019']",58
1900,Jupiter & Mars ,"       1,901",ps4,"['Apr 22, 2019']",58
1901,Attractio ,"       1,902",ps4,"['Jan 19, 2016']",58
1902,Nickelodeon Kart Racers 2: Grand Prix ,"       1,903",ps4,"['Oct 6, 2020']",58
1903,Sword Art Online: Alicization Lycoris ,"       1,904",ps4,"['Jul 10, 2020']",58
1904,The Suicide of Rachel Foster ,"       1,905",ps4,"['Sep 9, 2020']",58
1905,Gargoyles Remastered ,"       1,906",ps4,"['Oct 19, 2023']",58
1906,The Church in the Darkness ,"       1,907",ps4,"['Aug 2, 2019']",58
1907,V-Rally 4 ,"       1,908",ps4,"['Sep 11, 2018']",58
1908,Mitsurugi Kamui Hikae ,"       1,909",ps4,"['Feb 16, 2016']",58
1909,Bladestorm: Nightmare ,"       1,910",ps4,"['Mar 17, 2015']",58
1910,Black Legend ,"       1,911",ps4,"['Mar 25, 2021']",58
1911,Desert Child ,"       1,912",ps4,"['Dec 11, 2018']",58
1912,Goat Simulator ,"       1,913",ps4,"['Aug 11, 2015']",58
1913,Cel Damage ,"       1,914",ps4,"['Apr 22, 2014']",58
1914,Star Wars: Republic Commando ,"       1,915",ps4,"['Apr 6, 2021']",58
1915,Dark Rose Valkyrie ,"       1,916",ps4,"['Jun 6, 2017']",58
1916,Touhou: Scarlet Curiosity ,"       1,917",ps4,"['Sep 20, 2016']",58
1917,Carnival Games VR ,"       1,918",ps4,"['Oct 28, 2016']",58
1918,Elex ,"       1,919",ps4,"['Oct 17, 2017']",58
1919,Omega Quintet ,"       1,920",ps4,"['Apr 28, 2015']",58
1920,Sonic Forces ,"       1,921",ps4,"['Nov 7, 2017']",57
1921,Little Dragons Cafe ,"       1,922",ps4,"['Aug 24, 2018']",57
1922,Sinner: Sacrifice for Redemption ,"       1,923",ps4,"['Oct 18, 2018']",57
1923,Stranger Things 3: The Game ,"       1,924",ps4,"['Jul 4, 2019']",57
1924,Necropolis ,"       1,925",ps4,"['Oct 4, 2016']",57
1925,Zotrix ,"       1,926",ps4,"['Dec 8, 2015']",57
1926,The LEGO Movie 2 Videogame ,"       1,927",ps4,"['Feb 26, 2019']",57
1927,Skater XL ,"       1,928",ps4,"['Jul 28, 2020']",57
1928,King's Bounty II ,"       1,929",ps4,"['Aug 24, 2021']",57
1929,Destiny 2: Curse of Osiris ,"   1,930",ps4,"['Dec 5, 2017']",57
1930,One Punch Man: A Hero Nobody Knows ,"       1,931",ps4,"['Feb 28, 2020']",57
1931,Onechanbara Z2: Chaos ,"       1,932",ps4,"['Jul 21, 2015']",57
1932,Tour de France 2018 ,"       1,933",ps4,"['Jun 28, 2018']",57
1933,Eclipse: Edge of Light ,"       1,934",ps4,"['Jan 14, 2020']",57
1934,Aegis of Earth: Protonovus Assault ,"       1,935",ps4,"['Mar 15, 2016']",57
1935,Cyberpunk 2077 ,"       1,936",ps4,"['Dec 10, 2020']",57
1936,Catlateral Damage ,"       1,937",ps4,"['Mar 22, 2016']",57
1937,Animal Force ,"       1,938",ps4,"['Jul 10, 2018']",57
1938,Far Cry 5: Lost on Mars ,"       1,939",ps4,"['Jul 17, 2018']",57
1939,Akiba's Trip: Undead & Undressed ,"       1,940",ps4,"['Nov 25, 2014']",57
1940,Raiders of the Broken Planet ,"       1,941",ps4,"['Sep 22, 2017']",56
1941,Theseus ,"       1,942",ps4,"['Jul 26, 2017']",56
1942,Jump Force ,"       1,943",ps4,"['Feb 12, 2019']",56
1943,Surgeon Simulator 2013 ,"       1,944",ps4,"['Aug 12, 2014']",56
1944,EARTHLOCK: Festival of Magic ,"       1,945",ps4,"['Jan 27, 2017']",56
1945,Lethal VR ,"       1,946",ps4,"['Dec 20, 2016']",56
1946,Perception ,"       1,947",ps4,"['Jun 7, 2017']",56
1947,Dangerous Golf ,"       1,948",ps4,"['Jun 3, 2016']",56
1948,Far Cry 4: Escape from Durgesh Prison ,"       1,949",ps4,"['Jan 13, 2015']",56
1949,ADR1FT ,"       1,950",ps4,"['Jul 15, 2016']",56
1950,Toren ,"       1,951",ps4,"['May 12, 2015']",56
1951,Gal*Gun 2 ,"       1,952",ps4,"['Apr 24, 2018']",56
1952,Hardware: Rivals ,"       1,953",ps4,"['Jan 5, 2016']",56
1953,Neptunia Virtual Stars ,"       1,954",ps4,"['Mar 2, 2021']",56
1954,WWI: Verdun - Western Front ,"       1,955",ps4,"['Aug 30, 2016']",56
1955,Train Sim World ,"       1,956",ps4,"['Jul 24, 2018']",56
1956,100ft Robot Golf ,"       1,957",ps4,"['Sep 27, 2017']",56
1957,Ary and the Secret of Seasons ,"       1,958",ps4,"['Sep 1, 2020']",56
1958,Submerged ,"       1,959",ps4,"['Aug 4, 2015']",56
1959,Drawn to Death ,"       1,960",ps4,"['Apr 4, 2017']",56
1960,Tennis World Tour 2 ,"       1,961",ps4,"['Sep 22, 2020']",56
1961,Bush Hockey League ,"       1,962",ps4,"['Mar 28, 2017']",56
1962,Mafia II: Definitive Edition ,"       1,963",ps4,"['May 19, 2020']",56
1963,Made in Abyss: Binary Star Falling into Darkness ,"       1,964",ps4,"['Sep 2, 2022']",56
1964,Predator: Hunting Grounds ,"       1,965",ps4,"['Apr 24, 2020']",56
1965,Don't Knock Twice ,"       1,966",ps4,"['Sep 5, 2017']",56
1966,Azur Lane: Crosswave ,"       1,967",ps4,"['Feb 13, 2020']",56
1967,Tom Clancy's Ghost Recon: Breakpoint ,"       1,968",ps4,"['Oct 1, 2019']",56
1968,Sniper: Ghost Warrior 3 ,"       1,969",ps4,"['Apr 25, 2017']",55
1969,Table Top Racing: World Tour ,"       1,970",ps4,"['May 3, 2016']",55
1970,Ice Age: Scrat's Nutty Adventure ,"       1,971",ps4,"['Oct 18, 2019']",55
1971,VR Ping Pong Pro ,"       1,972",ps4,"['Nov 12, 2019']",55
1972,Space Hulk: Deathwing ,"       1,973",ps4,"['May 22, 2018']",55
1973,SportsBarVR ,"       1,974",ps4,"['Oct 18, 2016']",55
1974,Akiba's Beat ,"       1,975",ps4,"['May 16, 2017']",55
1975,Touhou Genso Rondo: Bullet Ballet ,"       1,976",ps4,"['Sep 6, 2016']",55
1976,Trials of the Blood Dragon ,"       1,977",ps4,"['Jun 13, 2016']",55
1977,The Seven Deadly Sins: Knights of Britannia ,"       1,978",ps4,"['Feb 9, 2018']",55
1978,Fade to Silence ,"       1,979",ps4,"['Apr 30, 2019']",55
1979,The Park ,"       1,980",ps4,"['May 3, 2016']",55
1980,Titan Quest ,"       1,981",ps4,"['Mar 20, 2018']",55
1981,Anamorphine ,"       1,982",ps4,"['Jul 31, 2018']",55
1982,Anthem ,"       1,983",ps4,"['Feb 22, 2019']",54
1983,Knack ,"       1,984",ps4,"['Nov 15, 2013']",54
1984,The Tomorrow Children ,"       1,985",ps4,"['Sep 6, 2016']",54
1985,Dragon Ball: The Breakers ,"       1,986",ps4,"['Oct 14, 2022']",54
1986,2Dark ,"       1,987",ps4,"['Mar 10, 2017']",54
1987,Buildings Have Feelings Too! ,"       1,988",ps4,"['Apr 22, 2021']",54
1988,Black Mirror ,"       1,989",ps4,"['Nov 28, 2017']",54
1989,Valkyria Revolution ,"       1,990",ps4,"['Jun 27, 2017']",54
1990,Fallen Legion: Revenants ,"       1,991",ps4,"['Feb 16, 2021']",54
1991,In Space We Brawl ,"       1,992",ps4,"['Oct 14, 2014']",54
1992,Nippon Marathon ,"       1,993",ps4,"['Dec 17, 2018']",54
1993,GUNS UP! ,"       1,994",ps4,"['Dec 5, 2015']",54
1994,Farming Simulator 15 ,"       1,995",ps4,"['May 19, 2015']",54
1995,The Legend of Korra ,"       1,996",ps4,"['Oct 21, 2014']",54
1996,OVERPASS ,"       1,997",ps4,"['Mar 17, 2020']",54
1997,Knee Deep ,"       1,998",ps4,"['Jan 31, 2017']",54
1998,Space Channel 5 VR: Kinda Funky News Flash ,"       1,999",ps4,"['Feb 25, 2020']",54
1999,Hunting Simulator 2 ,"       2,000",ps4,"['Jun 30, 2020']",54
2000,Time Carnage ,"       2,001",ps4,"['Apr 10, 2018']",54
2001,Earthfall ,"       2,002",ps4,"['Jul 13, 2018']",54
2002,Smashbox Arena ,"       2,003",ps4,"['Jul 25, 2017']",54
2003,Jagged Alliance: Rage! ,"       2,004",ps4,"['Dec 6, 2018']",54
2004,Oure ,"       2,005",ps4,"['Oct 30, 2017']",53
2005,Tour de France 2014 ,"       2,006",ps4,"['Jul 22, 2014']",53
2006,SolSeraph ,"       2,007",ps4,"['Jul 10, 2019']",53
2007,Christopher Brookmyre's Bedlam ,"       2,008",ps4,"['Oct 13, 2015']",53
2008,Black Clover: Quartet Knights ,"       2,009",ps4,"['Sep 14, 2018']",53
2009,Adam's Venture: Origins ,"       2,010",ps4,"['Apr 1, 2016']",53
2010,Minecraft: Story Mode - Episode 2: Assembly Required ,"       2,011",ps4,"['Oct 27, 2015']",53
2011,Bound by Flame ,"       2,012",ps4,"['May 6, 2014']",53
2012,Natural Doctrine ,"       2,013",ps4,"['Sep 30, 2014']",53
2013,The Assembly ,"       2,014",ps4,"['Oct 13, 2016']",53
2014,Loading Human: Chapter 1 ,"       2,015",ps4,"['Oct 13, 2016']",53
2015,Kill Strain ,"       2,016",ps4,"['Jul 12, 2016']",53
2016,Fallout 76 ,"       2,017",ps4,"['Nov 14, 2018']",53
2017,Dakar 18 ,"       2,018",ps4,"['Sep 25, 2018']",53
2018,Daymare: 1998 ,"       2,019",ps4,"['Apr 28, 2020']",53
2019,Doctor Who: The Edge Of Time ,"       2,020",ps4,"['Nov 12, 2019']",52
2020,Eden-Tomorrow ,"       2,021",ps4,"['Feb 12, 2019']",52
2021,Hidden Dragon Legend ,"       2,022",ps4,"['Sep 19, 2017']",52
2022,Akiba's Trip: Hellbound & Debriefed ,"       2,023",ps4,"['Jul 20, 2021']",52
2023,Uncanny Valley ,"       2,024",ps4,"['Feb 7, 2017']",52
2024,Anima: Gate of Memories ,"       2,025",ps4,"['Jun 7, 2016']",52
2025,The Grand Tour Game ,"       2,026",ps4,"['Jan 15, 2019']",52
2026,Fimbul ,"       2,027",ps4,"['Feb 28, 2019']",52
2027,9 ,"       2,028",ps4,"['Jun 21, 2016']",52
2028,Kamiwaza: Way of the Thief ,"       2,029",ps4,"['Oct 11, 2022']",52
2029,Contra: Rogue Corps ,"       2,030",ps4,"['Sep 24, 2019']",52
2030,Beyond Eyes ,"       2,031",ps4,"['Sep 8, 2015']",52
2031,Pixel Gear ,"       2,032",ps4,"['Oct 20, 2016']",51
2032,Disaster Report 4: Summer Memories ,"       2,033",ps4,"['Apr 7, 2020']",51
2033,Joe: Operation Blackout ,"       2,034",ps4,"['Oct 13, 2020']",51
2034,Risen 3: Titan Lords ,"       2,035",ps4,"['Aug 21, 2015']",51
2035,Koi (2016) ,"       2,036",ps4,"['Apr 19, 2016']",51
2036,I Am Bread TV ,"       2,037",ps4,"['Aug 25, 2015']",51
2037,Carmageddon: Max Damage ,"       2,038",ps4,"['Jul 8, 2016']",51
2038,Shadwen ,"       2,039",ps4,"['May 17, 2016']",51
2039,Redout: Space Assault ,"       2,040",ps4,"['Jan 22, 2021']",51
2040,Mark McMorris Infinite Air ,"       2,041",ps4,"['Oct 25, 2016']",50
2041,Divide ,"       2,042",ps4,"['Jan 31, 2017']",50
2042,AO International Tennis ,"       2,043",ps4,"['May 8, 2018']",50
2043,Wolfenstein: Cyberpilot ,"       2,044",ps4,"['Jul 26, 2019']",50
2044,Fear Effect Sedna ,"       2,045",ps4,"['Mar 6, 2018']",50
2045,Toby: The Secret Mine ,"       2,046",ps4,"['Jul 6, 2017']",50
2046,Armikrog ,"       2,047",ps4,"['Aug 23, 2016']",50
2047,Night Trap: 25th Anniversary Edition ,"       2,048",ps4,"['Aug 15, 2017']",50
2048,Pixel Piracy ,"       2,049",ps4,"['Feb 16, 2016']",50
2049,Fishing Sim World ,"       2,050",ps4,"['Sep 18, 2018']",50
2050,Those Who Remain ,"       2,051",ps4,"['May 28, 2020']",49
2051,Mighty Morphin Power Rangers: Mega Battle ,"       2,052",ps4,"['Jan 17, 2017']",49
2052,Crisis on the Planet of the Apes VR ,"       2,053",ps4,"['Apr 3, 2018']",49
2053,Red Goddess: Inner World ,"       2,054",ps4,"['Jun 30, 2015']",49
2054,Blue Estate ,"       2,055",ps4,"['Jun 24, 2014']",49
2055,Rugby 20 ,"       2,056",ps4,"['Jan 23, 2020']",49
2056,Vane ,"       2,057",ps4,"['Jan 15, 2019']",49
2057,Loop8: Summer of Gods ,"       2,058",ps4,"['Jun 6, 2023']",49
2058,The Amazing Spider-Man 2 ,"       2,059",ps4,"['Apr 29, 2014']",49
2059,Immortal: Unchained ,"       2,060",ps4,"['Sep 7, 2018']",49
2060,Milanoir ,"       2,061",ps4,"['May 31, 2018']",49
2061,Necromunda: Hired Gun ,"       2,062",ps4,"['Jun 1, 2021']",49
2062,Double Dragon IV ,"       2,063",ps4,"['Jan 30, 2017']",49
2063,Moto Racer 4 ,"       2,064",ps4,"['Jan 24, 2017']",49
2064,Homefront: The Revolution ,"       2,065",ps4,"['May 17, 2016']",48
2065,Element Space ,"       2,066",ps4,"['Mar 24, 2020']",48
2066,A Bastard's Tale ,"       2,067",ps4,"['Oct 4, 2016']",48
2067,Daylight ,"       2,068",ps4,"['Apr 29, 2014']",48
2068,Out of Ammo ,"       2,069",ps4,"['Jan 30, 2018']",48
2069,Syberia 3 ,"       2,070",ps4,"['Apr 25, 2017']",48
2070,I Saw Black Clouds ,"       2,071",ps4,"['Mar 30, 2021']",48
2071,Decay of Logos ,"       2,072",ps4,"['Aug 27, 2019']",47
2072,Extinction ,"       2,073",ps4,"['Apr 10, 2018']",47
2073,Terminator: Resistance ,"       2,074",ps4,"['Dec 10, 2019']",47
2074,Soul Axiom ,"       2,075",ps4,"['Jun 7, 2016']",47
2075,Bee Simulator ,"       2,076",ps4,"['Nov 12, 2019']",47
2076,SingStar: Ultimate Party ,"       2,077",ps4,"['Oct 24, 2014']",47
2077,League of War: VR Arena ,"       2,078",ps4,"['Nov 7, 2017']",46
2078,Primal Carnage: Extinction ,"       2,079",ps4,"['Oct 20, 2015']",46
2079,Arc of Alchemist ,"       2,080",ps4,"['Jan 30, 2020']",46
2080,Raid: World War II ,"       2,081",ps4,"['Oct 10, 2017']",46
2081,Zenith (2016) ,"       2,082",ps4,"['Sep 20, 2016']",46
2082,AereA ,"       2,083",ps4,"['Jun 30, 2017']",46
2083,ARK Park ,"       2,084",ps4,"['Mar 22, 2018']",46
2084,Tennis World Tour ,"       2,085",ps4,"['May 22, 2018']",45
2085,Bubsy: The Woolies Strike Back ,"       2,086",ps4,"['Oct 31, 2017']",45
2086,7 Days to Die ,"       2,087",ps4,"['Jun 28, 2016']",45
2087,Maize ,"       2,088",ps4,"['Sep 12, 2017']",45
2088,Maize ,"       2,089",ps4,"['Sep 12, 2017']",45
2089,Project Root ,"       2,090",ps4,"['Apr 28, 2015']",45
2090,Infinity Runner ,"       2,091",ps4,"['Apr 21, 2015']",45
2091,Generation Zero ,"       2,092",ps4,"['Mar 26, 2019']",45
2092,Bravo Team ,"       2,093",ps4,"['Mar 6, 2018']",45
2093,Remothered: Broken Porcelain ,"       2,094",ps4,"['Oct 13, 2020']",44
2094,Teenage Mutant Ninja Turtles: Mutants in Manhattan ,"       2,095",ps4,"['May 24, 2016']",44
2095,Balan Wonderworld ,"       2,096",ps4,"['Mar 26, 2021']",44
2096,Q*bert: Rebooted ,"       2,097",ps4,"['Feb 17, 2015']",44
2097,Harmonix Music VR ,"       2,098",ps4,"['Oct 10, 2016']",44
2098,Submersed ,"       2,099",ps4,"['Jul 17, 2019']",44
2099,Calvino Noir ,"       2,100",ps4,"['Aug 25, 2015']",44
2100,MilitAnt ,"       2,101",ps4,"['Jul 12, 2016']",44
2101,Empire of Sin ,"       2,102",ps4,"['Dec 1, 2020']",43
2102,Spuds Unearthed ,"       2,103",ps4,"['Apr 24, 2020']",43
2103,New Gundam Breaker ,"       2,104",ps4,"['Jun 22, 2018']",43
2104,Super Dungeon Bros ,"       2,105",ps4,"['Nov 1, 2016']",43
2105,Dead or Alive Xtreme 3 ,"       2,106",ps4,"['Mar 24, 2016']",43
2106,Surgeon Simulator: Experience Reality ,"       2,107",ps4,"['Dec 3, 2016']",43
2107,Transformers: Rise of the Dark Spark ,"       2,108",ps4,"['Jun 24, 2014']",43
2108,NBA Live 14 ,"       2,109",ps4,"['Nov 19, 2013']",43
2109,WWE 2K20 ,"       2,110",ps4,"['Oct 22, 2019']",43
2110,Touhou Kobuto V: Burst Battle ,"       2,111",ps4,"['Oct 10, 2017']",42
2111,Taxi Chaos ,"       2,112",ps4,"['Feb 23, 2021']",42
2112,Nickelodeon Kart Racers ,"       2,113",ps4,"['Oct 23, 2018']",42
2113,Werewolf: The Apocalypse - Earthblood ,"       2,114",ps4,"['Feb 4, 2021']",42
2114,ATV Supercross Encore ,"       2,115",ps4,"['Oct 27, 2015']",42
2115,Rugby 18 ,"       2,116",ps4,"['Oct 24, 2017']",41
2116,XIII (Remake) ,"       2,117",ps4,"['Nov 10, 2020']",41
2117,One Way Trip (2016) ,"       2,118",ps4,"['Aug 30, 2016']",41
2118,Gungrave VR ,"       2,119",ps4,"['Dec 11, 2018']",41
2119,Street Power Soccer ,"       2,120",ps4,"['Aug 25, 2020']",41
2120,Dollhouse ,"       2,121",ps4,"['May 24, 2019']",41
2121,Ace Banana ,"       2,122",ps4,"['Oct 13, 2016']",40
2122,Tamarin ,"       2,123",ps4,"['Sep 10, 2020']",40
2123,Troll and I ,"       2,124",ps4,"['Mar 21, 2017']",39
2124,Putty Squad ,"       2,125",ps4,"['Mar 11, 2014']",38
2125,Umbrella Corps ,"       2,126",ps4,"['Jun 21, 2016']",38
2126,Heavy Fire: Red Shadow ,"       2,127",ps4,"['Oct 16, 2018']",38
2127,Dying: Reborn ,"       2,128",ps4,"['Feb 28, 2017']",38
2128,Godzilla ,"       2,129",ps4,"['Jul 14, 2015']",38
2129,Randall ,"       2,130",ps4,"['Jun 6, 2017']",38
2130,Agony ,"       2,131",ps4,"['May 29, 2018']",37
2131,Left Alive ,"       2,132",ps4,"['Mar 5, 2019']",37
2132,Crystal Rift ,"       2,133",ps4,"['Nov 29, 2016']",37
2133,Fluster Cluck ,"       2,134",ps4,"['Oct 21, 2014']",37
2134,Past Cure ,"       2,135",ps4,"['Feb 23, 2018']",37
2135,Shaq Fu: A Legend Reborn ,"       2,136",ps4,"['Jun 5, 2018']",36
2136,Coffin Dodgers ,"       2,137",ps4,"['May 3, 2016']",36
2137,Alekhine's Gun ,"       2,138",ps4,"['Mar 1, 2016']",36
2138,Eternity: The Last Unicorn ,"       2,139",ps4,"['Mar 5, 2019']",36
2139,One Piece: Grand Cruise ,"       2,140",ps4,"['May 22, 2018']",35
2140,Fast & Furious Crossroads ,"       2,141",ps4,"['Aug 7, 2020']",35
2141,Dawn of Fear ,"       2,142",ps4,"['Feb 3, 2020']",33
2142,Weeping Doll ,"       2,143",ps4,"['Oct 27, 2016']",32
2143,Tony Hawk's Pro Skater 5 ,"       2,144",ps4,"['Sep 29, 2015']",32
2144,Dino Dini's Kick Off Revival ,"       2,145",ps4,"['Mar 7, 2017']",31
2145,Ghostbusters ,"       2,146",ps4,"['Jul 12, 2016']",30
2146,Air Conflicts: Vietnam Ultimate Edition ,"       2,147",ps4,"['Sep 16, 2014']",30
2147,The Quiet Man ,"       2,148",ps4,"['Nov 1, 2018']",28
2148,Basement Crawl ,"       2,149",ps4,"['Feb 25, 2014']",27
2149,Road Rage ,"       2,150",ps4,"['Nov 14, 2017']",26
2150,Afro Samurai 2: Revenge of Kuma Volume One ,"       2,151",ps4,"['Sep 22, 2015']",21
